loan_id,age,gender,job_title,annual_income,loan_amount,loan_purpose,credit_score,number_of_dependents,applicant_statement,loan_status,sentiment,text_risk_prob,text_risk,annual_income_safe,loan_to_income_ratio,sentiment_risk,credit_risk,lti_risk,dependents_risk,purpose_risk,risk_score,risk_category,loan_intent
L1001,45,Male,Accountant,85000,15000,Home,745,2,I plan to use these funds for a down payment on a modest house. My steady income ensures timely monthly repayments without issue.,1,Neutral,0.4916669130325317,1,85000,0.1764705882352941,1,1,0,1,0,7,Medium,Personal/Lifestyle
L1002,22,Female,Retail Associate,32000,5000,Personal,610,1,I really need this money immediately to cover some unexpected medical bills. I'm hoping for a quick approval as I'm not sure how else to manage it right now.,0,Negative,0.8520808219909668,2,32000,0.15625,2,3,0,1,2,18,High,Personal/Lifestyle
L1003,38,Male,Software Engineer,125000,35000,Business,790,0,Expansion of my successful tech consulting firm requires capital investment in new equipment. I have a detailed repayment schedule prepared.,1,Neutral,0.5426777601242065,1,125000,0.28,1,0,1,0,1,6,Medium,Business/Investment
L1004,55,Female,Nurse,72000,10000,Education,705,3,This loan is essential for my child's university tuition. I have always prioritized education and will structure payments around my stable nursing schedule.,1,Positive,0.6455004215240479,1,72000,0.1388888888888889,0,1,0,2,1,8,Medium,Personal/Lifestyle
L1005,31,Male,Driver,41000,8000,Personal,580,1,"Things have been tight lately, and this small loan would really help stabilize my finances for the next few months. I promise to pay it back quickly.",0,Positive,0.3047634363174438,0,41000,0.1951219512195122,0,3,0,1,2,12,High,Personal/Lifestyle
L1006,62,Female,Retired,45000,4000,Medical,755,2,"My pension income is reliable, and this small amount is needed for necessary dental work. I expect no problems with repayment.",1,Positive,0.2374449968338012,0,45000,0.0888888888888888,0,0,0,1,1,2,Low,Personal/Lifestyle
L1007,28,Male,Marketing Specialist,55000,18000,Home,670,0,"We are looking to purchase our first condo, and this loan will bridge the gap until the next salary disbursement. I'm quite confident in our joint financial standing.",1,Positive,0.4965452551841736,1,55000,0.3272727272727272,0,2,1,0,0,10,Medium,Personal/Lifestyle
L1008,41,Female,Teacher,64000,12000,Education,720,2,Funds are required to complete some professional development courses necessary for career advancement. My employment history is strong.,1,Positive,0.5346280336380005,1,64000,0.1875,0,1,0,1,1,7,Medium,Personal/Lifestyle
L1009,50,Male,Construction Manager,95000,25000,Business,760,4,I need working capital to secure a large new contract. My cash flow projections are very positive for the coming year.,1,Positive,0.6110153198242188,1,95000,0.2631578947368421,0,0,1,2,1,7,Medium,Business/Investment
L1010,24,Female,Student,18000,3000,Personal,550,0,"I'm currently studying and have part-time work, but I need a little extra cash for rent this month. I'll get a better job soon, I promise.",0,Negative,0.5874412655830383,1,18000,0.1666666666666666,2,3,0,0,2,15,High,Personal/Lifestyle
L1011,36,Male,Sales Representative,70000,14000,Personal,685,1,A necessary personal expense came up that I must address immediately. I have budgeted carefully to ensure repayment.,1,Positive,0.5938126444816589,1,70000,0.2,0,2,0,1,2,11,High,Personal/Lifestyle
L1012,49,Female,Data Analyst,110000,22000,Home,780,1,We are refinancing our mortgage to secure a better rate. My income stability makes this a low-risk proposition.,1,Neutral,0.0714074596762657,0,110000,0.2,1,0,0,1,0,2,Low,Personal/Lifestyle
L1013,33,Male,Electrician,68000,11000,Business,650,3,I am purchasing new tools for my growing electrical business. I just need this boost to take on bigger projects.,1,Positive,0.5365966558456421,1,68000,0.1617647058823529,0,2,0,2,1,11,High,Business/Investment
L1014,60,Female,Librarian,58000,7000,Medical,715,3,"Needed for ongoing treatment costs. My retirement savings, combined with my current income, should cover this easily.",1,Negative,0.4746191203594208,1,58000,0.1206896551724138,2,1,0,2,1,10,Medium,Basic Needs/Survival
L1015,26,Male,Barista,28000,6000,Personal,595,0,I'm a bit short on funds until my next paycheck comes through. This small loan would really save me from late fees on other bills.,0,Negative,0.4277930557727813,1,28000,0.2142857142857142,2,3,1,0,2,17,High,Business/Investment
L1016,44,Female,Accountant,92000,19000,Home,750,2,Securing a larger loan for home renovations. I have excellent financial discipline and this fits well within my budget.,1,Positive,0.3750357627868652,1,92000,0.2065217391304347,0,0,1,1,0,5,Low,Personal/Lifestyle
L1017,30,Male,Warehouse Worker,40000,10000,Personal,575,1,"Facing severe financial strain and need immediate relief to stop mounting debt interest. Please approve this, I'm desperate.",0,Negative,0.9201955795288086,2,40000,0.25,2,3,1,1,2,20,High,Basic Needs/Survival
L1018,52,Female,Doctor,180000,45000,Education,820,2,Funding advanced medical research fellowships. My professional standing and assets support this investment.,1,Positive,0.4672673642635345,1,180000,0.25,0,0,1,1,1,6,Medium,Personal/Lifestyle
L1019,37,Male,IT Consultant,115000,28000,Business,775,0,Investing in specialized certification for my consulting practice to increase billable hours. Repayment is prioritized.,1,Neutral,0.4564791023731231,1,115000,0.2434782608695652,1,0,1,0,1,6,Medium,Business/Investment
L1020,21,Female,Cashier,25000,2500,Personal,520,0,I made a bad choice with credit cards and need to consolidate this urgent debt. I swear I won't get into this situation again.,0,Negative,0.7401657700538635,2,25000,0.1,2,3,0,0,2,17,High,Personal/Lifestyle
L1021,48,Male,Engineer,135000,40000,Home,805,3,"Acquiring a vacation property requires this funding. My consistent, high-level income stream is well documented.",1,Neutral,0.5507084131240845,1,135000,0.2962962962962963,1,0,1,2,0,7,Medium,Personal/Lifestyle
L1022,58,Female,Manager,105000,16000,Personal,735,4,Need to cover unexpected costs related to an elderly parent's care. Everything is under control financially.,1,Negative,0.7967257499694824,2,105000,0.1523809523809524,2,1,0,2,2,13,High,Personal/Lifestyle
L1023,29,Male,Graphic Designer,52000,9000,Education,665,1,Covering the final semester fees for my degree. I have a job lined up immediately after graduation.,1,Neutral,0.5269047617912292,1,52000,0.173076923076923,1,2,0,1,1,11,High,Personal/Lifestyle
L1024,40,Female,Real Estate Agent,88000,20000,Business,700,2,Need short-term financing to cover marketing expenses for a major property listing. Commission pipeline looks very strong.,1,Positive,0.5402621030807495,1,88000,0.2272727272727272,0,1,1,1,1,9,Medium,Business/Investment
L1025,65,Male,Retired,55000,5000,Medical,770,3,Routine major health procedure coverage. My fixed income is reliable.,1,Neutral,0.1721702814102172,0,55000,0.0909090909090909,1,0,0,2,1,4,Low,Personal/Lifestyle
L1026,33,Female,Paralegal,62000,13000,Personal,690,1,"Consolidating a few smaller, high-interest loans into one manageable payment. I've created a very strict repayment budget.",1,Positive,0.5767899751663208,1,62000,0.2096774193548387,0,2,1,1,2,13,High,Business/Investment
L1027,27,Male,Sales Associate,45000,7000,Education,630,0,Hoping to take a specialized coding bootcamp to improve my career prospects. I'm committed to paying this back through hard work.,1,Neutral,0.5443205833435059,1,45000,0.1555555555555555,1,3,0,0,1,13,High,Personal/Lifestyle
L1028,51,Female,Administrator,75000,11000,Home,740,3,Minor home repairs that must be completed before winter. My income is stable and predictable.,1,Negative,0.4229059815406799,1,75000,0.1466666666666666,2,1,0,2,0,9,Medium,Personal/Lifestyle
L1029,35,Male,Chef,48000,15000,Business,590,2,"Trying to start a small catering venture on the side. I have a solid plan, I just need the equipment capital.",0,Negative,0.5587303042411804,1,48000,0.3125,2,3,1,1,1,17,High,Business/Investment
L1030,42,Female,Financial Advisor,130000,30000,Education,810,1,Funding advanced certifications in wealth management. Repayment capacity is excellent.,1,Positive,0.3857008814811706,1,130000,0.2307692307692307,0,0,1,1,1,6,Medium,Personal/Lifestyle
L1031,19,Male,Fast Food Worker,20000,1500,Personal,510,0,"I am in a terrible situation and need this cash immediately to keep my apartment. If I don't get this, I'm out on the street.",0,Very Negative,0.9448959827423096,2,20000,0.075,1,3,0,0,2,16,High,Personal/Lifestyle
L1032,59,Female,Scientist,160000,38000,Home,830,2,Purchasing a larger residence suitable for my retirement years. Excellent credit history supports this request.,1,Positive,0.4869172573089599,1,160000,0.2375,0,0,1,1,0,5,Low,Personal/Lifestyle
L1033,31,Male,Plumber,61000,10000,Business,675,1,Need to purchase a new commercial van for my plumbing service. This will directly increase my earning potential.,1,Neutral,0.5421215891838074,1,61000,0.1639344262295081,1,2,0,1,1,11,High,Personal/Lifestyle
L1034,46,Female,HR Specialist,80000,17000,Medical,725,3,Covering specialist surgery costs not fully covered by insurance. My budget accounts for this repayment.,1,Negative,0.517787754535675,1,80000,0.2125,2,1,1,2,1,12,High,Personal/Lifestyle
L1035,25,Male,Warehouse Supervisor,39000,8500,Personal,605,1,Trying to pay off an old debt that is impacting my ability to rent a better apartment. It is urgent.,0,Negative,0.7847751975059509,2,39000,0.2179487179487179,2,3,1,1,2,20,High,Personal/Lifestyle
L1036,53,Female,Professor,102000,25000,Education,795,2,Supporting my daughter's final year of graduate school abroad. My career stability guarantees repayment.,1,Neutral,0.4698468148708343,1,102000,0.2450980392156862,1,0,1,1,1,7,Medium,Personal/Lifestyle
L1037,39,Male,Truck Driver,75000,18000,Home,655,4,Funds required for essential maintenance on my current home. I have significant dependents but steady income.,1,Neutral,0.5135137438774109,1,75000,0.24,1,2,1,2,0,13,High,Basic Needs/Survival
L1038,23,Female,Intern,30000,4000,Personal,560,0,I'm new to the workforce and struggling to manage initial living expenses until my official salary kicks in. Hoping for leniency.,0,Negative,0.5935128927230835,1,30000,0.1333333333333333,2,3,0,0,2,15,High,Personal/Lifestyle
L1039,61,Male,Landscaper,50000,6000,Medical,730,3,Just covering some supplemental vision care costs. Everything is fine otherwise.,1,Positive,0.3113817572593689,0,50000,0.12,0,1,0,2,1,6,Medium,Personal/Lifestyle
L1040,47,Female,Biologist,115000,21000,Business,778,1,Need capital to acquire lab equipment for a new research project. My institutional funding stream is solid.,1,Positive,0.7095602750778198,2,115000,0.1826086956521739,0,0,0,1,1,6,Medium,Basic Needs/Survival
L1041,34,Male,Carpenter,53000,12000,Home,645,2,"Putting in a new kitchen. I handle all construction myself, so the loan is just for materials.",1,Neutral,0.493469625711441,1,53000,0.2264150943396226,1,3,1,1,0,15,High,Personal/Lifestyle
L1042,56,Female,Executive,190000,50000,Personal,840,0,Requesting a loan for a significant personal investment portfolio diversification. Repayment from established passive income streams.,1,Neutral,0.539684534072876,1,190000,0.2631578947368421,1,0,1,0,2,7,Medium,Personal/Lifestyle
L1043,28,Male,Cashier,35000,7500,Personal,585,1,Need help covering car repairs so I can keep my job. This is critical for my short-term survival.,0,Neutral,0.4723768830299377,1,35000,0.2142857142857142,1,3,1,1,2,17,High,Basic Needs/Survival
L1044,43,Female,Project Manager,98000,24000,Education,765,2,"Funding executive MBA modules. My employer is partially sponsoring, but I need this gap covered.",1,Negative,0.5202929377555847,1,98000,0.2448979591836734,2,0,1,1,1,8,Medium,Business/Investment
L1045,50,Male,Mechanic,62000,9000,Business,680,4,Buying a specialized diagnostic machine for the garage. This investment will pay for itself quickly.,1,Neutral,0.5222234129905701,1,62000,0.1451612903225806,1,2,0,2,1,12,High,Business/Investment
L1046,21,Female,Student,15000,2000,Personal,535,0,"I am drowning in small bills and fees. I need immediate help to stop the late payment cycle, I'm completely overwhelmed.",0,Negative,0.7301465272903442,2,15000,0.1333333333333333,2,3,0,0,2,17,High,Personal/Lifestyle
L1047,46,Male,Firefighter,82000,16000,Home,710,3,Securing funds for an addition to our home for my growing family. Stable public sector job.,1,Neutral,0.4482924044132232,1,82000,0.1951219512195122,1,1,0,2,0,8,Medium,Personal/Lifestyle
L1048,32,Female,Social Worker,51000,10000,Medical,660,2,Covering unexpected costs related to an accident. I just need a little breathing room right now.,0,Negative,0.6776726841926575,2,51000,0.196078431372549,2,2,0,1,1,14,High,Basic Needs/Survival
L1049,63,Male,Consultant,112000,14000,Personal,785,1,"Investing in high-yield bonds. My risk profile is very low, given my financial standing.",1,Positive,0.3648631274700165,1,112000,0.125,0,0,0,1,2,5,Low,Business/Investment
L1050,37,Female,Chef,59000,13000,Business,695,2,Need specialized oven equipment for scaling up my small restaurant operation. I have excellent local reception.,1,Positive,0.6058833599090576,1,59000,0.2203389830508474,0,2,1,1,1,12,High,Personal/Lifestyle
L1051,49,Male,Accountant,90000,20000,Home,748,2,Refinancing current mortgage for better terms. My income stability is my best asset.,1,Positive,0.4240284264087677,1,90000,0.2222222222222222,0,1,1,1,0,8,Medium,Personal/Lifestyle
L1052,25,Female,Receptionist,34000,5500,Personal,602,1,"Covering moving expenses as I take a new, better-paying job next month. This bridges the gap.",0,Neutral,0.5188226103782654,1,34000,0.1617647058823529,1,3,0,1,2,15,High,Personal/Lifestyle
L1053,55,Male,Engineer,145000,45000,Education,815,1,Funding my child's final year of medical school. I have the means to repay this easily.,1,Neutral,0.4718503355979919,1,145000,0.3103448275862069,1,0,1,1,1,7,Medium,Personal/Lifestyle
L1054,30,Female,Sales Clerk,38000,7000,Medical,598,3,Unexpected dental work needed urgently. I really hope this gets approved; my savings are depleted.,0,Negative,0.5451837182044983,1,38000,0.1842105263157894,2,3,0,2,1,16,High,Basic Needs/Survival
L1055,41,Male,Pilot,155000,35000,Business,800,0,Purchasing a new flight simulator system for advanced training. My salary is excellent and secure.,1,Positive,0.5157729983329773,1,155000,0.2258064516129032,0,0,1,0,1,5,Low,Personal/Lifestyle
L1056,68,Female,Retired,52000,4500,Personal,752,4,A small loan to cover immediate living expenses until my quarterly dividends arrive. Everything is well managed.,1,Positive,0.49838787317276,1,52000,0.0865384615384615,0,0,0,2,2,6,Medium,Personal/Lifestyle
L1057,22,Male,Tutor,29000,3500,Education,572,1,Need funds for textbooks and travel costs for my continuing university education. I'm working hard to keep costs down.,0,Negative,0.5485879182815552,1,29000,0.1206896551724138,2,3,0,1,1,15,High,Personal/Lifestyle
L1058,38,Female,Lawyer,120000,28000,Home,792,2,"Need to finalize the purchase of a legal office downtown. My practice has steady, high-value clients.",1,Neutral,0.586181640625,1,120000,0.2333333333333333,1,0,1,1,0,6,Medium,Personal/Lifestyle
L1059,45,Male,Driver,42000,9000,Personal,565,3,"Car broke down, and I need it for work. If I can't drive, I can't earn. Please help me out.",0,Negative,0.6525062918663025,1,42000,0.2142857142857142,2,3,1,2,2,19,High,Personal/Lifestyle
L1060,52,Female,Doctor,195000,55000,Medical,835,1,Funding advanced medical research equipment purchase. My professional credibility assures repayment.,1,Positive,0.4407421350479126,1,195000,0.282051282051282,0,0,1,1,1,6,Medium,Personal/Lifestyle
L1061,26,Male,Retail Manager,47000,11000,Business,652,0,"Starting a small online retail venture. I need initial inventory capital. It's a big risk, but I feel it's worth it.",0,Positive,0.8141656517982483,2,47000,0.2340425531914893,0,2,1,0,1,13,High,Business/Investment
L1062,60,Female,Accountant,95000,18000,Education,742,3,Paying off remaining student debt from my postgraduate studies. Time to clear the slate.,1,Neutral,0.5206281542778015,1,95000,0.1894736842105263,1,1,0,2,1,9,Medium,Personal/Lifestyle
L1063,33,Male,Electrician,72000,15000,Home,682,2,Installing a solar panel system on my house to lower monthly overhead costs. A sound long-term investment.,1,Neutral,0.4597606360912323,1,72000,0.2083333333333333,1,2,1,1,0,12,High,Personal/Lifestyle
L1064,48,Female,Scientist,140000,32000,Business,808,1,Expanding my lab's research capabilities. I have several grants pending confirmation.,1,Positive,0.4811420738697052,1,140000,0.2285714285714285,0,0,1,1,1,6,Medium,Business/Investment
L1065,21,Male,Dishwasher,21000,3000,Personal,505,0,I have overwhelming debt from a guarantor situation. I am completely unable to cope with the payments right now.,0,Very Negative,0.6733188629150391,2,21000,0.1428571428571428,1,3,0,0,2,16,High,Personal/Lifestyle
L1066,54,Female,Teacher,68000,12000,Medical,718,4,Covering costs for my aging parent's assisted living expenses. It's manageable but requires some buffer.,1,Neutral,0.4601927995681762,1,68000,0.1764705882352941,1,1,0,2,1,9,Medium,Personal/Lifestyle
L1067,36,Male,Software Developer,118000,26000,Personal,788,0,Need funds to cover an unexpected major tax bill. My liquid assets are temporarily tied up.,1,Negative,0.6951654553413391,2,118000,0.2203389830508474,2,0,1,0,2,10,Medium,Business/Investment
L1068,44,Female,Manager,100000,22000,Home,758,2,Major kitchen remodel planned for the summer. My finances are very stable.,1,Positive,0.4545938372611999,1,100000,0.22,0,0,1,1,0,5,Low,Personal/Lifestyle
L1069,29,Male,Barista,31000,6500,Education,590,1,"Saving up for vocational training. I know this is small, but it's a start.",0,Positive,0.1640222370624542,0,31000,0.2096774193548387,0,3,1,1,1,13,High,Basic Needs/Survival
L1070,62,Female,Retired,65000,8000,Personal,768,3,A needed upgrade to my travel fund for next year. My retirement portfolio performs well.,1,Positive,0.5075018405914307,1,65000,0.123076923076923,0,0,0,2,2,6,Medium,Personal/Lifestyle
L1071,35,Male,Sales Manager,85000,19000,Business,708,1,Purchasing a new territory franchise license. Expected ROI is high.,1,Neutral,0.7136960029602051,2,85000,0.2235294117647059,1,1,1,1,1,12,High,Business/Investment
L1072,24,Female,Clerk,28000,4500,Medical,578,1,Need to replace lost prescription lenses and cover an urgent check-up. I don't have an emergency fund yet.,0,Neutral,0.6045123338699341,1,28000,0.1607142857142857,1,3,0,1,1,14,High,Personal/Lifestyle
L1073,49,Male,Engineer,130000,38000,Home,802,2,Funds needed for geothermal heating system installation. Significant long-term savings potential.,1,Neutral,0.5307562947273254,1,130000,0.2923076923076923,1,0,1,1,0,6,Medium,Basic Needs/Survival
L1074,57,Female,HR Director,115000,25000,Education,782,1,Sponsoring a specialized leadership course for high-potential employees in my department.,1,Neutral,0.543736457824707,1,115000,0.217391304347826,1,0,1,1,1,7,Medium,Business/Investment
L1075,32,Male,Truck Driver,65000,14000,Personal,648,3,My truck needs a major engine overhaul to continue reliable service. This is work-essential.,0,Neutral,0.4870097041130066,1,65000,0.2153846153846154,1,3,1,2,2,18,High,Basic Needs/Survival
L1076,41,Female,Nurse,78000,18000,Medical,732,2,Need to cover a portion of my aging parent's nursing home fees that insurance won't cover.,1,Negative,0.5599381923675537,1,78000,0.2307692307692307,2,1,1,1,1,11,High,Personal/Lifestyle
L1077,20,Male,Student,19000,2500,Personal,540,0,"I am completely out of money before my scholarship funds clear next month. Please, I'm desperate for rent money.",0,Very Negative,0.5799175500869751,1,19000,0.131578947368421,1,3,0,0,2,14,High,Personal/Lifestyle
L1078,64,Female,Professor,105000,10000,Business,772,1,Small capital injection to fund final edits and publication costs for a new textbook.,1,Neutral,0.4732924401760101,1,105000,0.0952380952380952,1,0,0,1,1,5,Low,Business/Investment
L1079,39,Male,Mechanic,58000,13000,Home,668,4,Repairing significant storm damage to my roof. Cannot delay this major structural repair.,1,Negative,0.7795861959457397,2,58000,0.2241379310344827,2,2,1,2,0,16,High,Basic Needs/Survival
L1080,47,Female,Accountant,93000,21000,Education,755,1,Financing my adult child's graduate studies overseas. I am fully capable of meeting the obligations.,1,Positive,0.5008660554885864,1,93000,0.2258064516129032,0,0,1,1,1,6,Medium,Personal/Lifestyle
L1081,27,Male,Warehouse Associate,36000,7000,Personal,582,2,Trying to pay off a very high-interest payday loan from last month. I'm in a tight spot.,0,Negative,0.6864999532699585,2,36000,0.1944444444444444,2,3,0,1,2,18,High,Personal/Lifestyle
L1082,51,Female,Executive,170000,40000,Home,825,0,Down payment assistance for a second property investment. All finances are robust.,1,Positive,0.4949612021446228,1,170000,0.2352941176470588,0,0,1,0,0,4,Low,Business/Investment
L1083,34,Male,Data Entry Clerk,39000,6000,Education,615,1,Paying for certification exams to move into an IT role. I have a new job offer contingent on passing.,0,Neutral,0.5132749080657959,1,39000,0.1538461538461538,1,3,0,1,1,14,High,Personal/Lifestyle
L1084,59,Female,Manager,110000,23000,Business,762,3,Need to purchase updated management software suite for my team. Improves overall efficiency.,1,Positive,0.4794647991657257,1,110000,0.209090909090909,0,0,1,2,1,7,Medium,Business/Investment
L1085,23,Male,Waiter,26000,4000,Personal,555,1,Saving up to buy a reliable used car for commuting to my new full-time job starting next month.,0,Neutral,0.5103785395622253,1,26000,0.1538461538461538,1,3,0,1,2,15,High,Personal/Lifestyle
L1086,42,Female,Librarian,54000,9000,Medical,702,2,Unexpected specialist co-pays required. My budget is stretched thin this quarter.,0,Neutral,0.5607149600982666,1,54000,0.1666666666666666,1,1,0,1,1,8,Medium,Business/Investment
L1087,46,Male,Sales Director,105000,27000,Home,785,1,Refinancing existing debt into a lower-rate mortgage extension. A standard financial management maneuver.,1,Neutral,0.4563936293125152,1,105000,0.2571428571428571,1,0,1,1,0,6,Medium,Basic Needs/Survival
L1088,31,Female,Nurse,67000,11000,Education,725,1,Paying for advanced certification in specialized critical care nursing.,1,Neutral,0.4575197994709015,1,67000,0.1641791044776119,1,1,0,1,1,8,Medium,Basic Needs/Survival
L1089,53,Male,Scientist,150000,35000,Business,812,0,"Funding a complex international research collaboration. The timeline is aggressive, and I need fast cash.",0,Positive,0.6137096881866455,1,150000,0.2333333333333333,0,0,1,0,1,5,Low,Business/Investment
L1090,28,Female,Graphic Designer,57000,10000,Personal,675,2,Consolidating credit card debt that has gotten out of hand recently. I need stability now.,0,Negative,0.4928564131259918,1,57000,0.175438596491228,2,2,0,1,2,13,High,Basic Needs/Survival
L1091,66,Male,Retired,70000,5000,Medical,798,1,Routine annual health maintenance expenses. Completely covered by fixed income.,1,Neutral,0.4460099637508392,1,70000,0.0714285714285714,1,0,0,1,1,5,Low,Personal/Lifestyle
L1092,37,Female,Teacher,62000,14000,Education,710,2,Funding specialized training for gifted and talented programs at my school.,1,Neutral,0.5431534051895142,1,62000,0.2258064516129032,1,1,1,1,1,10,Medium,Personal/Lifestyle
L1093,40,Male,Accountant,89000,19000,Home,740,3,Need funds for essential property tax payments that are due soon. My records are impeccable.,1,Positive,0.5127450823783875,1,89000,0.2134831460674157,0,1,1,2,0,9,Medium,Personal/Lifestyle
L1094,22,Female,Receptionist,31000,3000,Personal,568,0,"My roommate left suddenly, leaving me responsible for the full rent payment this month. I am completely out of options.",0,Negative,0.6630789041519165,2,31000,0.0967741935483871,2,3,0,0,2,17,High,Personal/Lifestyle
L1095,50,Male,Engineer,128000,33000,Business,799,1,Acquiring a new piece of heavy machinery for my engineering firm. Directly increases production capacity.,1,Neutral,0.5222815871238708,1,128000,0.2578125,1,0,1,1,1,7,Medium,Personal/Lifestyle
L1096,45,Female,HR Manager,95000,16000,Education,750,2,Paying for my teenager's overseas exchange program. A worthwhile investment in their future.,1,Positive,0.4858357012271881,1,95000,0.1684210526315789,0,0,0,1,1,4,Low,Business/Investment
L1097,33,Male,Construction Worker,50000,12000,Personal,620,3,Need to cover the security deposit and first month's rent for a new apartment after a difficult breakup.,0,Negative,0.6252546310424805,1,50000,0.24,2,3,1,2,2,19,High,Personal/Lifestyle
L1098,58,Female,Administrator,79000,14000,Medical,735,1,Covering costs associated with an ongoing therapeutic treatment plan.,1,Neutral,0.5742541551589966,1,79000,0.1772151898734177,1,1,0,1,1,8,Medium,Personal/Lifestyle
L1099,25,Male,Electrician Apprentice,37000,8000,Business,612,0,"Hoping to buy better tools, but my income is still too low compared to the loan size. I'm worried.",0,Negative,0.3354909420013428,1,37000,0.2162162162162162,2,3,1,0,1,16,High,Personal/Lifestyle
L1100,48,Female,Doctor,210000,60000,Home,845,1,Financing the construction of an auxiliary living unit on our property. Excellent financial foundation.,1,Positive,0.4043408036231994,1,210000,0.2857142857142857,0,0,1,1,0,5,Low,Personal/Lifestyle
L1101,30,Male,Software Engineer,110000,25000,Education,770,1,Paying off the last of my undergraduate student loans quickly. Wanting to be debt-free.,1,Negative,0.4886017441749573,1,110000,0.2272727272727272,2,0,1,1,1,8,Medium,Personal/Lifestyle
L1102,61,Female,Retired,48000,4000,Personal,745,2,Just need a small buffer for unexpected household maintenance costs. Stable fixed income.,1,Negative,0.2506505250930786,0,48000,0.0833333333333333,2,1,0,1,2,8,Medium,Basic Needs/Survival
L1103,21,Male,Security Guard,25000,3500,Personal,545,0,I have outstanding parking fines and fees that are escalating rapidly. I need immediate resolution.,0,Positive,0.6570680141448975,1,25000,0.14,0,3,0,0,2,13,High,Basic Needs/Survival
L1104,44,Female,Teacher,71000,13000,Medical,722,2,"My insurance deductible is high this year, requiring this loan for required procedures.",1,Negative,0.9886619448661804,2,71000,0.1830985915492957,2,1,0,1,1,11,High,Personal/Lifestyle
L1105,38,Male,Truck Driver,74000,17000,Home,650,3,Need funds for an essential transmission replacement on my primary vehicle used for work.,0,Neutral,0.580925464630127,1,74000,0.2297297297297297,1,2,1,2,0,13,High,Basic Needs/Survival
L1106,52,Female,Financial Analyst,140000,30000,Business,805,1,Strategic investment in proprietary trading software. My financial background supports this calculated risk.,1,Neutral,0.5134704113006592,1,140000,0.2142857142857142,1,0,1,1,1,7,Medium,Business/Investment
L1107,28,Male,Photographer,40000,8500,Education,635,1,Purchasing a high-end camera system necessary for securing commercial photography contracts.,1,Neutral,0.5261433124542236,1,40000,0.2125,1,3,1,1,1,16,High,Personal/Lifestyle
L1108,55,Female,Manager,102000,20000,Personal,775,1,Funding a large family trip overseas. My savings supplement this loan.,1,Positive,0.4457205533981323,1,102000,0.196078431372549,0,0,0,1,2,5,Low,Personal/Lifestyle
L1109,32,Male,Carpenter,55000,11000,Home,670,2,"Replacing old, inefficient windows for better energy performance. A wise investment.",1,Neutral,0.4609881937503814,1,55000,0.2,1,2,0,1,0,10,Medium,Business/Investment
L1110,49,Female,Nurse,88000,19000,Medical,745,1,Covering costs for my child's orthodontics plan.,1,Neutral,0.522718608379364,1,88000,0.2159090909090909,1,1,1,1,1,10,Medium,Personal/Lifestyle
L1111,24,Male,Fast Food Worker,22000,2000,Personal,525,0,I desperately need this money for bus fare to get to work; I lost my wallet. I feel so helpless.,0,Very Negative,0.9607226848602296,2,22000,0.0909090909090909,1,3,0,0,2,16,High,Personal/Lifestyle
L1112,60,Female,Librarian,60000,7000,Education,730,2,Covering costs for grandchildren's summer camp programs.,1,Neutral,0.5485503077507019,1,60000,0.1166666666666666,1,1,0,1,1,8,Medium,Personal/Lifestyle
L1113,36,Male,Sales Representative,78000,16000,Business,700,1,Need capital to attend a major industry trade show to generate new leads.,1,Neutral,0.6364936828613281,1,78000,0.2051282051282051,1,1,1,1,1,10,Medium,Business/Investment
L1114,41,Female,Accountant,92000,21000,Home,752,2,Need to pay property taxes early to secure a discount. My income stream is very reliable.,1,Negative,0.4879757463932037,1,92000,0.2282608695652173,2,0,1,1,0,7,Medium,Basic Needs/Survival
L1115,29,Male,Bartender,33000,6500,Personal,588,0,Just trying to catch up on several small credit card debts that are ballooning. I'm really stressed about this.,0,Negative,0.7080813646316528,2,33000,0.1969696969696969,2,3,0,0,2,17,High,Personal/Lifestyle
L1116,53,Female,Professor,115000,28000,Education,802,1,Funding a sabbatical project involving travel and research.,1,Neutral,0.5253170728683472,1,115000,0.2434782608695652,1,0,1,1,1,7,Medium,Business/Investment
L1117,47,Male,Pilot,165000,42000,Personal,818,0,"Investing in a private airplane hangar lease. High risk, but I believe strongly in the return.",0,Positive,0.9895081520080566,2,165000,0.2545454545454545,0,0,1,0,2,8,Medium,Business/Investment
L1118,35,Female,Software Developer,105000,24000,Business,765,1,Purchasing specialized cloud server infrastructure for scalable operations.,1,Neutral,0.5162369608879089,1,105000,0.2285714285714285,1,0,1,1,1,7,Medium,Basic Needs/Survival
L1119,23,Male,Delivery Driver,30000,5000,Medical,580,1,Covering urgent car maintenance so I can continue delivering food orders.,0,Neutral,0.5273134112358093,1,30000,0.1666666666666666,1,3,0,1,1,14,High,Personal/Lifestyle
L1120,56,Female,Doctor,205000,58000,Home,842,1,Financing the purchase of a large coastal property. My asset base is substantial.,1,Positive,0.5795035362243652,1,205000,0.2829268292682926,0,0,1,1,0,5,Low,Business/Investment
L1121,30,Male,Graphic Designer,58000,12000,Personal,680,2,Need to cover the cost of replacing stolen computer equipment used for freelance work.,1,Neutral,0.5947403907775879,1,58000,0.2068965517241379,1,2,1,1,2,14,High,Personal/Lifestyle
L1122,62,Female,Retired,55000,6000,Medical,760,2,Covering ongoing physiotherapy after a fall. Covered by reliable savings.,1,Neutral,0.5144530534744263,1,55000,0.109090909090909,1,0,0,1,1,5,Low,Personal/Lifestyle
L1123,38,Male,Accountant,87000,17000,Education,735,1,Paying for my CPA license renewal and advanced training fees.,1,Neutral,0.4995725750923157,1,87000,0.1954022988505747,1,1,0,1,1,8,Medium,Personal/Lifestyle
L1124,26,Female,Retail Associate,36000,7500,Personal,608,0,"I owe money to a friend, and I need this loan to pay them back quickly before it damages our relationship. I feel terrible.",0,Very Negative,0.6901506185531616,2,36000,0.2083333333333333,1,3,1,0,2,18,High,Personal/Lifestyle
L1125,49,Male,Engineer,138000,36000,Business,809,1,Upgrading manufacturing robotics for efficiency gains. A calculated business expenditure.,1,Neutral,0.4292665123939514,1,138000,0.2608695652173913,1,0,1,1,1,7,Medium,Business/Investment
L1126,54,Female,Manager,108000,22000,Home,778,2,Major landscaping and security upgrades for the property.,1,Neutral,0.4839824140071869,1,108000,0.2037037037037037,1,0,1,1,0,6,Medium,Basic Needs/Survival
L1127,31,Male,Plumber,63000,10000,Personal,665,1,"Consolidating two small, high-interest loans into one predictable payment.",1,Neutral,0.5424401164054871,1,63000,0.1587301587301587,1,2,0,1,2,12,High,Business/Investment
L1128,42,Female,Teacher,65000,11000,Education,715,2,Funding specialized software licenses for my classroom technology integration.,1,Neutral,0.5156084895133972,1,65000,0.1692307692307692,1,1,0,1,1,8,Medium,Personal/Lifestyle
L1129,25,Male,Cashier,27000,4500,Medical,562,0,"I haven't seen a doctor in years, and now I have a serious issue requiring immediate attention. I have no savings at all.",0,Negative,0.6104578375816345,1,27000,0.1666666666666666,2,3,0,0,1,14,High,Personal/Lifestyle
L1130,57,Female,Scientist,162000,38000,Business,822,1,Investment in proprietary lab testing protocols. Very high success rate projected.,1,Positive,0.7387240529060364,2,162000,0.2345679012345679,0,0,1,1,1,8,Medium,Business/Investment
L1131,33,Male,Truck Driver,68000,15000,Personal,642,3,Need funds to replace commercial tires that wore out faster than expected due to poor road conditions.,0,Negative,0.6307612061500549,1,68000,0.2205882352941176,2,3,1,2,2,19,High,Basic Needs/Survival
L1132,46,Female,HR Specialist,83000,18000,Home,730,1,Funding interior design updates to increase home resale value later.,1,Neutral,0.4989295303821563,1,83000,0.216867469879518,1,1,1,1,0,9,Medium,Basic Needs/Survival
L1133,20,Male,Student,18000,1800,Education,515,0,I missed my tuition deadline and face expulsion if I don't pay within 48 hours. This is my last chance.,0,Very Negative,0.5500127673149109,1,18000,0.1,1,3,0,0,1,13,High,Personal/Lifestyle
L1134,50,Female,Doctor,185000,45000,Medical,830,1,Covering costs for a new medical device acquisition for my private practice.,1,Neutral,0.515699028968811,1,185000,0.2432432432432432,1,0,1,1,1,7,Medium,Personal/Lifestyle
L1135,39,Male,Real Estate Agent,90000,21000,Business,712,2,Need working capital for immediate marketing push on a slow month.,1,Negative,0.5772554278373718,1,90000,0.2333333333333333,2,1,1,1,1,11,High,Basic Needs/Survival
L1136,64,Female,Retired,62000,7000,Personal,770,2,Minor home repairs and appliance replacement.,1,Neutral,0.4869316220283508,1,62000,0.1129032258064516,1,0,0,1,2,6,Medium,Personal/Lifestyle
L1137,28,Male,Warehouse Worker,35000,6000,Education,595,1,Paying for a vocational certification in logistics management.,0,Neutral,0.4645209312438965,1,35000,0.1714285714285714,1,3,0,1,1,14,High,Personal/Lifestyle
L1138,43,Female,Project Manager,102000,24000,Education,760,1,Sponsoring an overseas trip for a team member for specialized training.,1,Neutral,0.497957170009613,1,102000,0.2352941176470588,1,0,1,1,1,7,Medium,Business/Investment
L1139,51,Male,Mechanic,64000,11000,Business,685,2,Purchasing essential diagnostic software subscriptions for the coming year.,1,Neutral,0.4908862709999084,1,64000,0.171875,1,2,0,1,1,11,High,Personal/Lifestyle
L1140,26,Female,Barista,30000,4000,Personal,570,0,I have several overdue utility bills and need immediate relief to avoid shutoff notices.,0,Negative,0.5382674336433411,1,30000,0.1333333333333333,2,3,0,0,2,15,High,Basic Needs/Survival
L1141,47,Male,Firefighter,85000,19000,Home,720,2,Financing the installation of a new security system for added family protection.,1,Neutral,0.518857479095459,1,85000,0.2235294117647059,1,1,1,1,0,9,Medium,Personal/Lifestyle
L1142,32,Female,Social Worker,53000,12000,Education,668,1,Funding supplementary training in trauma counseling.,1,Neutral,0.5189397931098938,1,53000,0.2264150943396226,1,2,1,1,1,13,High,Basic Needs/Survival
L1143,61,Male,Consultant,125000,18000,Personal,790,1,"Investment into a short-term, low-risk financial product.",1,Neutral,0.0027699505444616,0,125000,0.144,1,0,0,1,2,4,Low,Business/Investment
L1144,37,Female,Chef,61000,14000,Business,705,2,Need to purchase high-end plating supplies and dishware for a catering event.,1,Neutral,0.6007601618766785,1,61000,0.2295081967213114,1,1,1,1,1,10,Medium,Personal/Lifestyle
L1145,50,Male,Accountant,94000,22000,Home,755,2,Refinancing the primary mortgage to secure a lower interest rate over the long term.,1,Neutral,0.4431930482387543,1,94000,0.2340425531914893,1,0,1,1,0,6,Medium,Personal/Lifestyle
L1146,25,Female,Receptionist,35000,6000,Personal,605,1,Helping my sibling cover unexpected medical transport costs. I want to ensure they are taken care of.,0,Positive,0.5439224243164062,1,35000,0.1714285714285714,0,3,0,1,2,14,High,Personal/Lifestyle
L1147,55,Male,Engineer,150000,48000,Education,820,1,Funding my child's final year of undergraduate studies at a private university.,1,Neutral,0.5287567377090454,1,150000,0.32,1,0,1,1,1,7,Medium,Personal/Lifestyle
L1148,30,Female,Sales Clerk,39000,8000,Medical,602,0,I need this money right now to pay a bill that is due today; my bank account is empty. I'm in a genuine crisis.,0,Very Negative,0.5905150175094604,1,39000,0.2051282051282051,1,3,1,0,1,15,High,Basic Needs/Survival
L1149,41,Male,Pilot,145000,32000,Business,808,1,Acquisition of specialized flight navigation software updates.,1,Neutral,0.5022778511047363,1,145000,0.2206896551724138,1,0,1,1,1,7,Medium,Personal/Lifestyle
L1150,68,Female,Retired,54000,4000,Personal,758,2,Covering increased home insurance premiums for the upcoming year.,1,Neutral,0.543519139289856,1,54000,0.074074074074074,1,0,0,1,2,6,Medium,Personal/Lifestyle
L1151,22,Male,Tutor,28000,3000,Education,565,1,Buying specialized educational software to tutor more effectively.,0,Neutral,0.5196442604064941,1,28000,0.1071428571428571,1,3,0,1,1,14,High,Basic Needs/Survival
L1152,38,Female,Lawyer,125000,30000,Home,795,1,Funds needed for the closing costs on a significant investment property.,1,Neutral,0.5757420063018799,1,125000,0.24,1,0,1,1,0,6,Medium,Business/Investment
L1153,45,Male,Driver,43000,9500,Personal,570,3,"My only means of transportation for work is severely damaged, and I need immediate repairs to keep my job.",0,Very Negative,0.8480033874511719,2,43000,0.2209302325581395,1,3,1,2,2,20,High,Basic Needs/Survival
L1154,52,Female,Doctor,200000,60000,Medical,840,1,Purchasing an advanced diagnostic imaging unit for the clinic.,1,Neutral,0.4855390191078186,1,200000,0.3,1,0,1,1,1,7,Medium,Basic Needs/Survival
L1155,26,Male,Retail Manager,48000,12000,Business,658,2,Initial inventory purchase for a new pop-up retail location.,1,Neutral,0.4831709265708923,1,48000,0.25,1,2,1,1,1,13,High,Personal/Lifestyle
L1156,60,Female,Accountant,98000,19000,Education,748,1,Paying off the final loan related to my advanced accounting certifications.,1,Neutral,0.4614713788032532,1,98000,0.1938775510204081,1,1,0,1,1,8,Medium,Personal/Lifestyle
L1157,33,Male,Electrician,74000,16000,Home,690,2,Installing a high-efficiency HVAC system in my home for long-term savings.,1,Neutral,0.4373785853385925,1,74000,0.2162162162162162,1,2,1,1,0,12,High,Personal/Lifestyle
L1158,48,Female,Scientist,145000,35000,Business,810,1,Funding clinical trial administrative costs. Timeline is strict.,1,Neutral,0.5833494663238525,1,145000,0.2413793103448276,1,0,1,1,1,7,Medium,Basic Needs/Survival
L1159,21,Male,Dishwasher,20000,2500,Personal,500,0,I am completely broke and have nowhere else to turn for help with my electricity bill. I'm freezing.,0,Very Negative,0.7231022715568542,2,20000,0.125,1,3,0,0,2,16,High,Personal/Lifestyle
L1160,54,Female,Teacher,70000,14000,Medical,725,2,Covering deductibles for my child's ongoing specialist care.,1,Neutral,0.5715854167938232,1,70000,0.2,1,1,0,1,1,8,Medium,Personal/Lifestyle
L1161,36,Male,Software Developer,122000,29000,Personal,792,1,Need short-term liquidity while waiting for a major contract payout. Very confident in receiving funds soon.,1,Positive,0.4993709027767181,1,122000,0.2377049180327868,0,0,1,1,2,7,Medium,Basic Needs/Survival
L1162,44,Female,Manager,105000,24000,Home,762,1,Financing a major upgrade to the home's plumbing infrastructure.,1,Positive,0.5031864047050476,1,105000,0.2285714285714285,0,0,1,1,0,5,Low,Personal/Lifestyle
L1163,29,Male,Bartender,34000,7000,Education,598,0,"I need this to pay for required safety training for a potential construction job. If I can't get the training, I can't get the job.",0,Neutral,0.5783352851867676,1,34000,0.2058823529411764,1,3,1,0,1,15,High,Personal/Lifestyle
L1164,62,Female,Retired,68000,9000,Personal,772,2,Funding annual membership fees for a senior community center.,1,Neutral,0.4881384074687958,1,68000,0.1323529411764706,1,0,0,1,2,6,Medium,Personal/Lifestyle
L1165,35,Male,Sales Manager,88000,20000,Business,715,1,Investment into new sales territory mapping technology.,1,Neutral,0.5469903945922852,1,88000,0.2272727272727272,1,1,1,1,1,10,Medium,Business/Investment
L1166,24,Female,Clerk,29000,4500,Medical,582,0,"I have a severe infection and need antibiotics immediately, but I cannot afford the prescription. Please, I'm running out of time.",0,Very Negative,0.7917768359184265,2,29000,0.1551724137931034,1,3,0,0,1,15,High,Personal/Lifestyle
L1167,49,Male,Engineer,135000,40000,Home,805,1,Acquisition of a small plot of land adjacent to my current property for future expansion.,1,Neutral,0.4980295300483703,1,135000,0.2962962962962963,1,0,1,1,0,6,Medium,Business/Investment
L1168,57,Female,HR Director,118000,26000,Education,785,1,Sponsoring travel for high-performing staff to an international conference.,1,Neutral,0.5182585120201111,1,118000,0.2203389830508474,1,0,1,1,1,7,Medium,Business/Investment
L1169,32,Male,Truck Driver,66000,14000,Personal,652,3,Need to cover a sudden increase in liability insurance premiums for my commercial vehicle.,0,Negative,0.7205050587654114,2,66000,0.2121212121212121,2,2,1,2,2,18,High,Personal/Lifestyle
L1170,46,Female,Nurse,81000,17000,Medical,728,2,Funds required to cover my mother's assisted living supplement.,1,Neutral,0.5454776883125305,1,81000,0.2098765432098765,1,1,1,1,1,10,Medium,Personal/Lifestyle
L1171,20,Male,Security Guard,24000,3500,Personal,520,0,I am completely overwhelmed by small debts and need this cash just to keep the lights on this month. I don't know what else to do.,0,Very Negative,0.9055516123771667,2,24000,0.1458333333333333,1,3,0,0,2,16,High,Basic Needs/Survival
L1172,64,Female,Professor,110000,12000,Business,775,1,Small capital needed to host a guest lecture series at the university.,1,Neutral,0.4757991731166839,1,110000,0.109090909090909,1,0,0,1,1,5,Low,Business/Investment
L1173,39,Male,Mechanic,60000,14000,Home,675,3,Emergency repair of a collapsed retaining wall in my backyard due to heavy rain.,0,Neutral,0.74310302734375,2,60000,0.2333333333333333,1,2,1,2,0,15,High,Basic Needs/Survival
L1174,47,Female,Accountant,96000,23000,Education,760,1,Financing my adult child's advanced technical training.,1,Neutral,0.5486626625061035,1,96000,0.2395833333333333,1,0,1,1,1,7,Medium,Personal/Lifestyle
L1175,27,Male,Warehouse Associate,37000,7500,Personal,588,2,I need to pay back a loan shark that I foolishly took out last month. They are threatening me.,0,Negative,0.6573410034179688,1,37000,0.2027027027027027,2,3,1,1,2,18,High,Personal/Lifestyle
L1176,51,Female,Executive,175000,42000,Home,830,1,Securing investment financing for a rental property purchase in a high-growth area.,1,Neutral,0.5832854509353638,1,175000,0.24,1,0,1,1,0,6,Medium,Business/Investment
L1177,34,Male,Data Entry Clerk,41000,6500,Education,620,1,Paying for the required software and materials for an online certification program.,0,Neutral,0.5076157450675964,1,41000,0.1585365853658536,1,3,0,1,1,14,High,Personal/Lifestyle
L1178,59,Female,Manager,112000,24000,Business,768,1,Purchase of advanced inventory management systems for my retail chain.,1,Neutral,0.4916298687458038,1,112000,0.2142857142857142,1,0,1,1,1,7,Medium,Business/Investment
L1179,23,Male,Waiter,27000,4500,Personal,560,1,"Need funds for a security deposit for a new, better-located apartment.",0,Neutral,0.5832467079162598,1,27000,0.1666666666666666,1,3,0,1,2,15,High,Personal/Lifestyle
L1180,42,Female,Librarian,55000,10000,Medical,705,2,Covering costs associated with an aging pet's necessary surgery.,1,Neutral,0.545071542263031,1,55000,0.1818181818181818,1,1,0,1,1,8,Medium,Personal/Lifestyle
L1181,46,Male,Sales Director,110000,29000,Home,790,1,Funds for solar panel installation to reduce long-term household utility costs.,1,Neutral,0.488683819770813,1,110000,0.2636363636363636,1,0,1,1,0,6,Medium,Personal/Lifestyle
L1182,31,Female,Nurse,69000,12000,Education,730,1,Paying for a weekend intensive workshop in advanced patient care protocols.,1,Neutral,0.5002344846725464,1,69000,0.1739130434782608,1,1,0,1,1,8,Medium,Personal/Lifestyle
L1183,53,Male,Scientist,155000,38000,Business,815,1,Acquisition of specialized analytical equipment for ongoing projects.,1,Neutral,0.5103875994682312,1,155000,0.2451612903225806,1,0,1,1,1,7,Medium,Business/Investment
L1184,28,Female,Graphic Designer,60000,11000,Personal,680,2,"Consolidating existing small credit obligations into a single, more manageable monthly payment plan.",1,Neutral,0.4952004849910736,1,60000,0.1833333333333333,1,2,0,1,2,12,High,Personal/Lifestyle
L1185,66,Male,Retired,72000,6000,Medical,802,1,Covering elective but necessary procedures not covered by standard Medicare.,1,Neutral,0.4754394292831421,1,72000,0.0833333333333333,1,0,0,1,1,5,Low,Basic Needs/Survival
L1186,37,Female,Teacher,64000,15000,Education,718,2,Funding a master's level course in curriculum development.,1,Neutral,0.4895496070384979,1,64000,0.234375,1,1,1,1,1,10,Medium,Personal/Lifestyle
L1187,40,Male,Accountant,91000,20000,Home,745,3,Need to cover an unexpectedly large property tax assessment this year. I must pay it.,0,Negative,0.773629903793335,2,91000,0.2197802197802197,2,1,1,2,0,13,High,Basic Needs/Survival
L1188,22,Female,Receptionist,32000,3500,Personal,572,0,"My car insurance payment is due, and I don't have enough cash flow this month. I'm terrified of driving uninsured.",0,Negative,0.5334113240242004,1,32000,0.109375,2,3,0,0,2,15,High,Personal/Lifestyle
L1189,50,Male,Engineer,132000,35000,Business,802,1,Purchasing specialized software licenses to streamline engineering workflow.,1,Neutral,0.5020437836647034,1,132000,0.2651515151515151,1,0,1,1,1,7,Medium,Basic Needs/Survival
L1190,45,Female,HR Manager,98000,17000,Education,755,1,Funding a professional certification for a key employee.,1,Neutral,0.4250259399414062,1,98000,0.173469387755102,1,0,0,1,1,5,Low,Personal/Lifestyle
L1191,33,Male,Construction Worker,52000,13000,Personal,625,3,"My lease is ending, and I need extra funds for the deposit on a slightly larger, safer apartment for my kids.",0,Negative,0.5741062760353088,1,52000,0.25,2,3,1,2,2,19,High,Personal/Lifestyle
L1192,58,Female,Administrator,82000,15000,Medical,740,2,Covering specialized physical therapy costs for a chronic condition.,1,Neutral,0.506024956703186,1,82000,0.1829268292682926,1,1,0,1,1,8,Medium,Personal/Lifestyle
L1193,25,Male,Electrician Apprentice,38000,9000,Business,618,0,"I took a big risk ordering inventory upfront, and now I'm short on covering initial expenses. I might fail.",0,Negative,0.9053950309753418,2,38000,0.2368421052631578,2,3,1,0,1,18,High,Basic Needs/Survival
L1194,48,Female,Doctor,215000,62000,Home,848,1,"Financing construction of a custom-built, energy-efficient primary residence.",1,Neutral,0.3949489891529083,1,215000,0.2883720930232558,1,0,1,1,0,6,Medium,Personal/Lifestyle
L1195,30,Male,Software Engineer,115000,27000,Education,775,1,Accelerating repayment of my remaining student loans aggressively.,1,Negative,0.5871143937110901,1,115000,0.2347826086956521,2,0,1,1,1,8,Medium,Personal/Lifestyle
L1196,61,Female,Retired,50000,4500,Personal,750,2,Funding travel plans for visiting family overseas.,1,Neutral,0.4979966878890991,1,50000,0.09,1,0,0,1,2,6,Medium,Personal/Lifestyle
L1197,21,Male,Security Guard,26000,4000,Personal,530,0,I need this money immediately to pay off a high-interest loan before the penalty rate kicks in. I'm desperate.,0,Negative,0.8773420453071594,2,26000,0.1538461538461538,2,3,0,0,2,17,High,Personal/Lifestyle
L1198,44,Female,Teacher,73000,14000,Medical,730,1,Covering the high deductible for an annual family health check-up package.,1,Neutral,0.6375600695610046,1,73000,0.1917808219178082,1,1,0,1,1,8,Medium,Personal/Lifestyle
L1199,38,Male,Truck Driver,76000,18000,Home,655,3,Need funds for an emergency septic system repair on my property. Cannot wait for an official repair loan.,0,Negative,0.6098785996437073,1,76000,0.2368421052631578,2,2,1,2,0,14,High,Basic Needs/Survival
L1200,52,Female,Financial Analyst,145000,32000,Business,810,1,Investment in advanced cybersecurity infrastructure for my firm.,1,Neutral,0.516966700553894,1,145000,0.2206896551724138,1,0,1,1,1,7,Medium,Business/Investment
L1201,28,Male,Photographer,42000,9000,Education,640,1,Purchasing advanced lighting equipment essential for wedding photography contracts.,0,Neutral,0.5599523782730103,1,42000,0.2142857142857142,1,3,1,1,1,16,High,Personal/Lifestyle
L1202,55,Female,Manager,105000,21000,Personal,780,1,"Funding a significant, high-value personal collection acquisition.",1,Positive,0.7446054220199585,2,105000,0.2,0,0,0,1,2,7,Medium,Personal/Lifestyle
L1203,32,Male,Carpenter,57000,12000,Home,675,2,Replacing aging gutters and fascia boards before winter storms begin.,1,Neutral,0.5059702396392822,1,57000,0.2105263157894736,1,2,1,1,0,12,High,Personal/Lifestyle
L1204,49,Female,Nurse,90000,20000,Medical,750,1,Financing advanced training for specialized pediatric care.,1,Neutral,0.5260972380638123,1,90000,0.2222222222222222,1,0,1,1,1,7,Medium,Basic Needs/Survival
L1205,24,Male,Fast Food Worker,23000,2500,Personal,530,0,My rent is due tomorrow and I am $2500 short. I have no other recourse.,0,Very Negative,0.4956011176109314,1,23000,0.108695652173913,1,3,0,0,2,14,High,Personal/Lifestyle
L1206,60,Female,Librarian,62000,8000,Education,735,1,Covering the cost of specialized learning materials for a community outreach program.,1,Neutral,0.4827713370323181,1,62000,0.1290322580645161,1,1,0,1,1,8,Medium,Personal/Lifestyle
L1207,36,Male,Sales Representative,80000,17000,Business,705,1,Need working capital to cover payroll during a slow inventory turnover period.,1,Neutral,0.6038009524345398,1,80000,0.2125,1,1,1,1,1,10,Medium,Basic Needs/Survival
L1208,41,Female,Accountant,94000,22000,Home,758,2,Funding necessary termite treatment and remediation for the house structure.,1,Neutral,0.55977863073349,1,94000,0.2340425531914893,1,0,1,1,0,6,Medium,Basic Needs/Survival
L1209,29,Male,Bartender,35000,7000,Personal,592,0,I'm being pressured by a former landlord over exaggerated damages. I need this cash to settle and move on.,0,Negative,0.7333959937095642,2,35000,0.2,2,3,0,0,2,17,High,Personal/Lifestyle
L1210,53,Female,Professor,118000,30000,Education,805,1,Sponsoring international research travel for a promising doctoral candidate.,1,Neutral,0.4901383221149444,1,118000,0.2542372881355932,1,0,1,1,1,7,Medium,Business/Investment
L1211,47,Male,Pilot,170000,45000,Business,822,1,Acquisition of fractional ownership in a business jet for travel efficiency.,1,Neutral,0.500449001789093,1,170000,0.2647058823529412,1,0,1,1,1,7,Medium,Business/Investment
L1212,35,Female,Software Developer,110000,25000,Personal,770,1,Need funds for a major technology upgrade to my home office setup for increased productivity.,1,Neutral,0.5841025114059448,1,110000,0.2272727272727272,1,0,1,1,2,8,Medium,Personal/Lifestyle
L1213,23,Male,Delivery Driver,31000,5500,Medical,585,1,Covering the cost of a required physical examination for a better-paying delivery job.,0,Neutral,0.5129558444023132,1,31000,0.1774193548387097,1,3,0,1,1,14,High,Business/Investment
L1214,56,Female,Doctor,210000,65000,Home,845,1,Financing the construction of a substantial in-law suite on the property.,1,Neutral,0.4686883389949798,1,210000,0.3095238095238095,1,0,1,1,0,6,Medium,Business/Investment
L1215,30,Male,Graphic Designer,60000,13000,Business,685,2,Purchasing new rendering hardware to meet client demands.,1,Neutral,0.5097446441650391,1,60000,0.2166666666666666,1,2,1,1,1,13,High,Basic Needs/Survival
L1216,62,Female,Retired,57000,5000,Medical,765,2,Covering costs for long-term care insurance premium increase.,1,Neutral,0.5205284357070923,1,57000,0.087719298245614,1,0,0,1,1,5,Low,Personal/Lifestyle
L1217,38,Male,Accountant,89000,18000,Education,740,1,Paying for required continuing professional education credits.,1,Neutral,0.4978299736976623,1,89000,0.2022471910112359,1,1,1,1,1,10,Medium,Personal/Lifestyle
L1218,26,Female,Retail Associate,37000,8000,Personal,610,0,I am struggling to keep up with student loan minimums and rent simultaneously. I don't know how to manage this financial hole.,0,Negative,0.6396138668060303,1,37000,0.2162162162162162,2,3,1,0,2,17,High,Basic Needs/Survival
L1219,49,Male,Engineer,140000,38000,Business,812,1,Investment in patented technology licensing fees.,1,Neutral,0.5347503423690796,1,140000,0.2714285714285714,1,0,1,1,1,7,Medium,Business/Investment
L1220,54,Female,Manager,110000,23000,Home,782,1,Financing pool installation for enhanced property value and recreation.,1,Neutral,0.4330841600894928,1,110000,0.209090909090909,1,0,1,1,0,6,Medium,Basic Needs/Survival
L1221,31,Male,Plumber,65000,11000,Personal,670,2,Need funds to cover legal consultation regarding a property boundary dispute.,1,Neutral,0.5559076070785522,1,65000,0.1692307692307692,1,2,0,1,2,12,High,Basic Needs/Survival
L1222,42,Female,Teacher,67000,12000,Education,720,1,Purchasing specialized virtual reality equipment for science classes.,1,Neutral,0.5015245079994202,1,67000,0.1791044776119403,1,1,0,1,1,8,Medium,Personal/Lifestyle
L1223,25,Male,Cashier,28000,5000,Medical,568,0,"I need this to cover an emergency root canal; the pain is unbearable, and I cannot work like this.",0,Negative,0.999114751815796,2,28000,0.1785714285714285,2,3,0,0,1,16,High,Basic Needs/Survival
L1224,57,Female,Scientist,165000,40000,Business,825,1,Acquiring a highly specialized mass spectrometer for advanced analysis.,1,Neutral,0.4643834233283996,1,165000,0.2424242424242424,1,0,1,1,1,7,Medium,Basic Needs/Survival
L1225,33,Male,Truck Driver,70000,16000,Personal,648,3,My old trailer sustained axle damage on the road; need immediate repair funds to resume work.,0,Negative,0.6868095993995667,2,70000,0.2285714285714285,2,3,1,2,2,21,High,Basic Needs/Survival
L1226,46,Female,HR Specialist,85000,19000,Home,735,2,Financing a significant upgrade to the home's garage workshop.,1,Positive,0.5152156352996826,1,85000,0.2235294117647059,0,1,1,1,0,8,Medium,Personal/Lifestyle
L1227,20,Male,Student,19000,2000,Education,520,0,"I'm one course short of graduating, and the registration fee is due now. If I wait, I lose my slot.",0,Negative,0.5215746164321899,1,19000,0.1052631578947368,2,3,0,0,1,14,High,Personal/Lifestyle
L1228,50,Female,Doctor,190000,48000,Medical,835,1,Funding the purchase of an advanced dermatological laser system.,1,Neutral,0.50074303150177,1,190000,0.2526315789473684,1,0,1,1,1,7,Medium,Basic Needs/Survival
L1229,39,Male,Real Estate Agent,92000,22000,Business,718,1,Capital for aggressive advertising campaign for high-value listings.,1,Neutral,0.6893245577812195,2,92000,0.2391304347826087,1,1,1,1,1,12,High,Business/Investment
L1230,64,Female,Retired,64000,8000,Personal,775,1,"Need funds to cover an unexpected, large utility bill from last winter.",1,Negative,0.8006433844566345,2,64000,0.125,2,0,0,1,2,9,Medium,Basic Needs/Survival
L1231,28,Male,Warehouse Worker,38000,8000,Education,600,1,Paying for forklift operator certification to secure a higher-paying job.,0,Neutral,0.4810068607330322,1,38000,0.2105263157894736,1,3,1,1,1,16,High,Personal/Lifestyle
L1232,43,Female,Project Manager,105000,25000,Education,765,1,Sponsoring my child's advanced music conservatory tuition.,1,Positive,0.5237185955047607,1,105000,0.238095238095238,0,0,1,1,1,6,Medium,Personal/Lifestyle
L1233,51,Male,Mechanic,66000,12000,Business,690,2,Need to purchase an industrial tire mounting machine.,1,Neutral,0.591600775718689,1,66000,0.1818181818181818,1,2,0,1,1,11,High,Basic Needs/Survival
L1234,26,Female,Barista,31000,4500,Personal,575,0,I have a very low credit rating and need this small loan to prove I can manage payments. I'm desperate for a fresh start.,0,Negative,0.0721195638179779,0,31000,0.1451612903225806,2,3,0,0,2,13,High,Personal/Lifestyle
L1235,47,Male,Firefighter,88000,20000,Home,725,2,Financing backyard deck reconstruction after storm damage.,1,Neutral,0.5675674080848694,1,88000,0.2272727272727272,1,1,1,1,0,9,Medium,Basic Needs/Survival
L1236,32,Female,Social Worker,54000,13000,Education,672,1,Funding specialized training in child protective services best practices.,1,Neutral,0.5250528454780579,1,54000,0.2407407407407407,1,2,1,1,1,13,High,Basic Needs/Survival
L1237,61,Male,Consultant,130000,20000,Personal,795,1,Investment in a diversified bond portfolio.,1,Neutral,0.4841567873954773,1,130000,0.1538461538461538,1,0,0,1,2,6,Medium,Business/Investment
L1238,37,Female,Chef,63000,15000,Business,710,2,Need funds to purchase commercial refrigeration units for expanded capacity.,1,Neutral,0.578887403011322,1,63000,0.238095238095238,1,1,1,1,1,10,Medium,Business/Investment
L1239,50,Male,Accountant,96000,23000,Home,760,2,Refinancing a portion of the mortgage to fund a large addition.,1,Neutral,0.5133780241012573,1,96000,0.2395833333333333,1,0,1,1,0,6,Medium,Business/Investment
L1240,25,Female,Receptionist,36000,6500,Personal,610,1,Helping my sibling cover emergency car repairs so they can keep their job.,0,Positive,0.5075396299362183,1,36000,0.1805555555555555,0,3,0,1,2,14,High,Personal/Lifestyle
L1241,55,Male,Engineer,155000,50000,Education,825,1,Sponsoring my grandchild's entire undergraduate medical degree.,1,Very Positive,0.57375168800354,1,155000,0.3225806451612903,1,0,1,1,1,7,Medium,Personal/Lifestyle
L1242,30,Female,Sales Clerk,40000,8500,Medical,608,0,"My chronic medication costs have spiked, and I can't afford this month's supply. I am truly suffering.",0,Very Negative,0.9256336092948914,2,40000,0.2125,1,3,1,0,1,17,High,Personal/Lifestyle
L1243,41,Male,Pilot,150000,35000,Business,812,1,Acquisition of specialized air traffic control simulation software.,1,Neutral,0.5116548538208008,1,150000,0.2333333333333333,1,0,1,1,1,7,Medium,Basic Needs/Survival
L1244,68,Female,Retired,56000,5000,Personal,762,2,Covering costs associated with organizing a large family reunion.,1,Neutral,0.6702157855033875,2,56000,0.0892857142857142,1,0,0,1,2,8,Medium,Basic Needs/Survival
L1245,22,Male,Tutor,30000,3500,Education,570,1,Purchasing new professional presentation materials for tutoring clients.,0,Neutral,0.5242738723754883,1,30000,0.1166666666666666,1,3,0,1,1,14,High,Personal/Lifestyle
L1246,38,Female,Lawyer,130000,32000,Home,798,1,Finalizing closing costs on a high-value commercial property purchase.,1,Neutral,0.6249702572822571,1,130000,0.2461538461538461,1,0,1,1,0,6,Medium,Business/Investment
L1247,45,Male,Driver,45000,10000,Personal,575,3,Need funds to cover an eviction notice fee; I made a huge mistake budgeting last month. I'm completely panicked.,0,Very Negative,0.6654267311096191,2,45000,0.2222222222222222,1,3,1,2,2,20,High,Basic Needs/Survival
L1248,52,Female,Doctor,205000,62000,Medical,842,1,Funding advanced robotic surgical equipment purchase for the hospital wing.,1,Neutral,0.5033776164054871,1,205000,0.3024390243902439,1,0,1,1,1,7,Medium,Basic Needs/Survival
L1249,26,Male,Retail Manager,49000,13000,Business,662,2,Initial marketing and staffing costs for a new venture that hasn't launched yet.,0,Neutral,0.5663995146751404,1,49000,0.2653061224489796,1,2,1,1,1,13,High,Business/Investment
L1250,60,Female,Accountant,100000,20000,Education,752,1,Paying off the last of my MBA loan debt.,1,Neutral,0.5455163717269897,1,100000,0.2,1,0,0,1,1,5,Low,Business/Investment
L1251,33,Male,Electrician,76000,17000,Home,695,2,"Financing a new, energy-efficient water heater system for the house.",1,Positive,0.491950511932373,1,76000,0.2236842105263158,0,2,1,1,0,11,High,Personal/Lifestyle
L1252,48,Female,Scientist,150000,38000,Business,815,1,Funding travel expenses for international collaborative research meetings.,1,Neutral,0.5312115550041199,1,150000,0.2533333333333333,1,0,1,1,1,7,Medium,Business/Investment
L1253,21,Male,Dishwasher,21000,3000,Personal,508,0,I have severe gambling debts I need to clear immediately before the lenders escalate matters. I feel trapped.,0,Negative,0.6743132472038269,2,21000,0.1428571428571428,2,3,0,0,2,17,High,Basic Needs/Survival
L1254,54,Female,Teacher,72000,15000,Medical,730,1,Covering costs for a specialized preventative health screening for my spouse.,1,Neutral,0.5273237228393555,1,72000,0.2083333333333333,1,1,1,1,1,10,Medium,Personal/Lifestyle
L1255,36,Male,Software Developer,125000,30000,Personal,795,1,Need liquidity for a short-term investment opportunity with high projected returns.,1,Neutral,0.4918466210365295,1,125000,0.24,1,0,1,1,2,8,Medium,Business/Investment
L1256,44,Female,Manager,108000,25000,Home,768,1,Financing a major smart-home technology integration project.,1,Neutral,0.5259119272232056,1,108000,0.2314814814814814,1,0,1,1,0,6,Medium,Personal/Lifestyle
L1257,29,Male,Bartender,36000,7500,Education,602,0,"I need this for a mandatory safety deposit for an apartment, but my current income barely covers food. This is too much.",0,Negative,0.909005641937256,2,36000,0.2083333333333333,2,3,1,0,1,18,High,Personal/Lifestyle
L1258,62,Female,Retired,70000,10000,Personal,778,1,Funding a subscription to a premium financial news service for better investment choices.,1,Neutral,0.4499160647392273,1,70000,0.1428571428571428,1,0,0,1,2,6,Medium,Business/Investment
L1259,35,Male,Sales Manager,90000,21000,Business,720,1,Need to hire a short-term sales consultant to optimize quarterly strategy.,1,Neutral,0.5272631645202637,1,90000,0.2333333333333333,1,1,1,1,1,10,Medium,Business/Investment
L1260,24,Female,Clerk,30000,5000,Medical,588,0,I had an accident and can't work for two weeks; need this to cover my lost wages and urgent care bill.,0,Negative,0.7631326913833618,2,30000,0.1666666666666666,2,3,0,0,1,16,High,Personal/Lifestyle
L1261,49,Male,Engineer,138000,42000,Home,810,1,Securing financing for a large-scale landscaping and outdoor living area build.,1,Neutral,0.5350180864334106,1,138000,0.3043478260869565,1,0,1,1,0,6,Medium,Personal/Lifestyle
L1262,57,Female,HR Director,120000,28000,Education,790,1,Sponsoring travel and accommodation for a national HR conference.,1,Neutral,0.4645368158817291,1,120000,0.2333333333333333,1,0,1,1,1,7,Medium,Personal/Lifestyle
L1263,32,Male,Truck Driver,68000,15000,Personal,658,3,Need to cover increased maintenance costs on my rig due to unexpected road wear.,0,Negative,0.5881772637367249,1,68000,0.2205882352941176,2,2,1,2,2,16,High,Personal/Lifestyle
L1264,46,Female,Nurse,83000,18000,Medical,732,1,Funding necessary dental surgery that was postponed due to financial constraints.,1,Neutral,0.5456187129020691,1,83000,0.216867469879518,1,1,1,1,1,10,Medium,Basic Needs/Survival
L1265,20,Male,Security Guard,25000,3000,Education,525,0,"I need this money for tuition fees before the deadline; if I fail this semester, I lose my scholarship eligibility entirely. I'm desperate.",0,Very Negative,0.5955051183700562,1,25000,0.12,1,3,0,0,1,13,High,Personal/Lifestyle
L1266,64,Female,Professor,112000,13000,Business,780,1,Small grant funding to support an undergraduate research mentorship program.,1,Neutral,0.4611216783523559,1,112000,0.1160714285714285,1,0,0,1,1,5,Low,Business/Investment
L1267,39,Male,Mechanic,62000,15000,Home,680,3,Emergency furnace replacement required as the old one completely failed in cold weather.,0,Neutral,0.5785794854164124,1,62000,0.2419354838709677,1,2,1,2,0,13,High,Basic Needs/Survival
L1268,47,Female,Accountant,98000,24000,Education,765,1,Financing continuing education in forensic accounting.,1,Neutral,0.4884618520736694,1,98000,0.2448979591836734,1,0,1,1,1,7,Medium,Basic Needs/Survival
L1269,27,Male,Warehouse Associate,39000,8500,Personal,595,2,Need to pay off several small collection agency debts before they affect my credit further. I'm trying to clean up my past.,0,Negative,0.6309792995452881,1,39000,0.2179487179487179,2,3,1,1,2,18,High,Personal/Lifestyle
L1270,51,Female,Executive,180000,45000,Home,835,1,"Securing financing for a high-value, long-term real estate portfolio expansion.",1,Neutral,0.5851104259490967,1,180000,0.25,1,0,1,1,0,6,Medium,Business/Investment
L1271,34,Male,Data Entry Clerk,43000,7000,Education,625,1,Paying for an online certification in data visualization tools.,0,Neutral,0.4290259778499603,1,43000,0.1627906976744186,1,3,0,1,1,14,High,Personal/Lifestyle
L1272,59,Female,Manager,115000,25000,Business,772,1,Acquiring a major software patent license relevant to my industry.,1,Neutral,0.5140299797058105,1,115000,0.217391304347826,1,0,1,1,1,7,Medium,Business/Investment
L1273,23,Male,Waiter,28000,5000,Personal,565,1,"Need funds to pay for rental car while mine is in the shop, ensuring I don't lose my waitering job.",0,Negative,0.6049749255180359,1,28000,0.1785714285714285,2,3,0,1,2,16,High,Personal/Lifestyle
L1274,42,Female,Librarian,57000,11000,Medical,710,2,Covering costs for specialized chiropractic care for chronic back pain.,1,Neutral,0.5318002700805664,1,57000,0.1929824561403508,1,1,0,1,1,8,Medium,Personal/Lifestyle
L1275,46,Male,Sales Director,112000,30000,Home,795,1,Funding the installation of a high-efficiency heat pump system.,1,Neutral,0.5189101099967957,1,112000,0.2678571428571428,1,0,1,1,0,6,Medium,Basic Needs/Survival
L1276,31,Female,Nurse,71000,13000,Education,735,1,Paying for a specialized course in neonatal intensive care.,1,Neutral,0.5255854725837708,1,71000,0.1830985915492957,1,1,0,1,1,8,Medium,Basic Needs/Survival
L1277,53,Male,Scientist,160000,40000,Business,818,1,Purchasing advanced molecular modeling software.,1,Neutral,0.441395103931427,1,160000,0.25,1,0,1,1,1,7,Medium,Basic Needs/Survival
L1278,28,Female,Graphic Designer,62000,12000,Personal,685,2,Need to cover attorney fees related to a minor contract dispute.,1,Neutral,0.5556550621986389,1,62000,0.1935483870967742,1,2,0,1,2,12,High,Basic Needs/Survival
L1279,66,Male,Retired,74000,7000,Medical,805,1,Covering expenses related to private home health aide services.,1,Neutral,0.4929124414920807,1,74000,0.0945945945945946,1,0,0,1,1,5,Low,Personal/Lifestyle
L1280,37,Female,Teacher,66000,16000,Education,722,1,Funding a year-long mentorship program for new teachers.,1,Neutral,0.4796549677848816,1,66000,0.2424242424242424,1,1,1,1,1,10,Medium,Personal/Lifestyle
L1281,40,Male,Accountant,93000,21000,Home,750,2,Need funds for emergency foundation repair identified during a recent inspection.,0,Neutral,0.5708311796188354,1,93000,0.2258064516129032,1,0,1,1,0,6,Medium,Basic Needs/Survival
L1282,22,Female,Receptionist,33000,4000,Personal,578,0,I am facing eviction because my paycheck was delayed; I need this money by end of day. I'm panicking.,0,Very Negative,0.589126467704773,1,33000,0.1212121212121212,1,3,0,0,2,14,High,Basic Needs/Survival
L1283,50,Male,Engineer,135000,38000,Business,805,1,Acquisition of key intellectual property related to our current engineering focus.,1,Neutral,0.5122385621070862,1,135000,0.2814814814814815,1,0,1,1,1,7,Medium,Basic Needs/Survival
L1284,45,Female,HR Manager,100000,18000,Education,760,1,Sponsoring team members for specialized leadership training seminars.,1,Neutral,0.4797835350036621,1,100000,0.18,1,0,0,1,1,5,Low,Personal/Lifestyle
L1285,33,Male,Construction Worker,54000,14000,Personal,630,3,Need funds to replace specialized power tools that were stolen from my worksite.,0,Neutral,0.6652161478996277,2,54000,0.2592592592592592,1,3,1,2,2,20,High,Basic Needs/Survival
L1286,58,Female,Administrator,84000,16000,Medical,745,2,Covering costs for specialized nutritional counseling for a health condition.,1,Neutral,0.5073415040969849,1,84000,0.1904761904761904,1,1,0,1,1,8,Medium,Basic Needs/Survival
L1287,25,Male,Electrician Apprentice,39000,10000,Business,622,0,I invested my savings into a partnership that failed; now I need this loan to cover immediate living expenses. I feel like an idiot.,0,Negative,0.5889460444450378,1,39000,0.2564102564102564,2,3,1,0,1,16,High,Business/Investment
L1288,48,Female,Doctor,220000,65000,Home,850,1,Financing the installation of a professional-grade security and surveillance system.,1,Neutral,0.5106432437896729,1,220000,0.2954545454545454,1,0,1,1,0,6,Medium,Personal/Lifestyle
L1289,30,Male,Software Engineer,118000,29000,Education,780,1,Aggressively paying down remaining student debt to improve net worth.,1,Negative,0.5589583516120911,1,118000,0.2457627118644068,2,0,1,1,1,8,Medium,Personal/Lifestyle
L1290,61,Female,Retired,52000,5000,Personal,755,2,Funding a small home improvement project I've been putting off.,1,Positive,0.4424790740013122,1,52000,0.0961538461538461,0,0,0,1,2,5,Low,Personal/Lifestyle
L1291,21,Male,Security Guard,27000,4500,Personal,535,0,I owe a significant amount to a high-interest lender and need this to avoid default. I feel completely hopeless.,0,Very Negative,0.7821996808052063,2,27000,0.1666666666666666,1,3,0,0,2,16,High,Personal/Lifestyle
L1292,44,Female,Teacher,74000,15000,Medical,735,1,Covering costs for my child's specialized after-school tutoring to keep up academically.,1,Neutral,0.5086632966995239,1,74000,0.2027027027027027,1,1,1,1,1,10,Medium,Personal/Lifestyle
L1293,38,Male,Truck Driver,78000,19000,Home,660,3,Need funds for an emergency replacement of a failing water pump system at my residence.,0,Neutral,0.6008918285369873,1,78000,0.2435897435897435,1,2,1,2,0,13,High,Basic Needs/Survival
L1294,52,Female,Financial Analyst,150000,35000,Business,812,1,Investment in advanced quantitative modeling software.,1,Neutral,0.475967139005661,1,150000,0.2333333333333333,1,0,1,1,1,7,Medium,Business/Investment
L1295,28,Male,Photographer,44000,9500,Education,645,1,"Purchasing a second, backup professional camera body essential for large events.",0,Neutral,0.5517222285270691,1,44000,0.2159090909090909,1,3,1,1,1,16,High,Basic Needs/Survival
L1296,55,Female,Manager,108000,22000,Personal,785,1,Funding a sabbatical exploration of new market opportunities.,1,Neutral,0.5519347190856934,1,108000,0.2037037037037037,1,0,1,1,2,8,Medium,Business/Investment
L1297,32,Male,Carpenter,59000,13000,Home,680,2,"Replacing old, failing garage door mechanisms with automated systems.",1,Neutral,0.5462121963500977,1,59000,0.2203389830508474,1,2,1,1,0,12,High,Basic Needs/Survival
L1298,49,Female,Nurse,92000,21000,Medical,752,1,Financing advanced certification in holistic pain management.,1,Neutral,0.4047160744667053,1,92000,0.2282608695652173,1,0,1,1,1,7,Medium,Personal/Lifestyle
L1299,24,Male,Fast Food Worker,24000,3000,Personal,535,0,"I need this cash today to pay my landlord; I'm short, and they are threatening eviction proceedings. Please help me out.",0,Negative,0.611219584941864,1,24000,0.125,2,3,0,0,2,15,High,Basic Needs/Survival
L1300,60,Female,Librarian,64000,9000,Education,740,1,Funding book purchases for a new literacy program at the local community center.,1,Neutral,0.474496990442276,1,64000,0.140625,1,1,0,1,1,8,Medium,Personal/Lifestyle
L1301,36,Male,Sales Representative,82000,18000,Business,710,1,Need capital to secure a large volume purchase discount from a key supplier.,1,Neutral,0.5413529276847839,1,82000,0.2195121951219512,1,1,1,1,1,10,Medium,Business/Investment
L1302,41,Female,Accountant,96000,23000,Home,762,2,Financing the exterior repainting and siding repair of the home.,1,Neutral,0.4842356145381927,1,96000,0.2395833333333333,1,0,1,1,0,6,Medium,Personal/Lifestyle
L1303,29,Male,Bartender,37000,7500,Personal,595,0,I am in debt to a loan shark and need to pay them off immediately before things get dangerous. I'm terrified.,0,Very Negative,0.7143795490264893,2,37000,0.2027027027027027,1,3,1,0,2,18,High,Personal/Lifestyle
L1304,53,Female,Professor,120000,32000,Education,808,1,Funding an endowed scholarship in my department.,1,Positive,0.4947580099105835,1,120000,0.2666666666666666,0,0,1,1,1,6,Medium,Basic Needs/Survival
L1305,47,Male,Pilot,175000,48000,Business,825,1,Acquisition of advanced aerial mapping technology.,1,Neutral,0.5216370224952698,1,175000,0.2742857142857143,1,0,1,1,1,7,Medium,Basic Needs/Survival
L1306,35,Female,Software Developer,112000,26000,Personal,775,1,Need short-term funds while waiting for the sale of a significant investment asset to finalize.,1,Neutral,0.5412296652793884,1,112000,0.2321428571428571,1,0,1,1,2,8,Medium,Business/Investment
L1307,23,Male,Delivery Driver,32000,6000,Medical,590,1,Covering the cost of an urgent specialist appointment for a recurring issue that is worsening.,0,Neutral,0.8279443979263306,2,32000,0.1875,1,3,0,1,1,16,High,Personal/Lifestyle
L1308,56,Female,Doctor,215000,68000,Home,848,1,Financing the installation of a geothermal HVAC system on the primary residence.,1,Neutral,0.4750180542469024,1,215000,0.3162790697674418,1,0,1,1,0,6,Medium,Personal/Lifestyle
L1309,30,Male,Graphic Designer,62000,14000,Business,690,2,Need to hire a contract animator for a large client project that is due soon.,1,Negative,0.5536568760871887,1,62000,0.2258064516129032,2,2,1,1,1,14,High,Business/Investment
L1310,62,Female,Retired,59000,6000,Medical,770,2,Covering an unexpected high co-pay for a complex prescription medication regimen.,1,Neutral,0.8076508641242981,2,59000,0.1016949152542373,1,0,0,1,1,7,Medium,Personal/Lifestyle
L1311,38,Male,Accountant,91000,19000,Education,745,1,Paying for the materials and travel required for a major tax audit defense seminar.,1,Neutral,0.5324488282203674,1,91000,0.2087912087912088,1,1,1,1,1,10,Medium,Business/Investment
L1312,26,Female,Retail Associate,38000,8500,Personal,615,0,"I have multiple small debts, and the interest is crushing me. I need consolidation badly, or I will default on everything.",0,Very Negative,0.872851550579071,2,38000,0.2236842105263158,1,3,1,0,2,18,High,Personal/Lifestyle
L1313,49,Male,Engineer,142000,40000,Business,815,1,Investment in automated testing rigs for product development.,1,Neutral,0.5085267424583435,1,142000,0.2816901408450704,1,0,1,1,1,7,Medium,Business/Investment
L1314,54,Female,Manager,112000,24000,Home,785,1,Financing the replacement of the entire roof structure due to age and weather damage.,1,Neutral,0.5787855982780457,1,112000,0.2142857142857142,1,0,1,1,0,6,Medium,Basic Needs/Survival
L1315,31,Male,Plumber,67000,12000,Personal,675,2,Need funds to cover the cost of hiring temporary help while I recover from a minor injury.,0,Neutral,0.5573716759681702,1,67000,0.1791044776119403,1,2,0,1,2,12,High,Basic Needs/Survival
L1316,42,Female,Teacher,69000,13000,Education,725,1,Funding specialized curriculum development software for next semester.,1,Neutral,0.4991954267024994,1,69000,0.1884057971014492,1,1,0,1,1,8,Medium,Personal/Lifestyle
L1317,25,Male,Cashier,29000,5500,Medical,572,0,"I have an urgent dental emergency, and I simply don't have the money. I am in terrible pain and need immediate relief.",0,Very Negative,0.6788572072982788,2,29000,0.1896551724137931,1,3,0,0,1,15,High,Basic Needs/Survival
L1318,57,Female,Scientist,170000,42000,Business,828,1,Acquisition of a specialized DNA sequencer unit.,1,Neutral,0.5118758082389832,1,170000,0.2470588235294117,1,0,1,1,1,7,Medium,Basic Needs/Survival
L1319,33,Male,Truck Driver,72000,17000,Personal,652,3,Need capital to replace worn-out safety equipment required by DOT regulations.,0,Neutral,0.5943004488945007,1,72000,0.2361111111111111,1,2,1,2,2,15,High,Basic Needs/Survival
L1320,46,Female,HR Specialist,87000,20000,Home,740,1,"Financing the installation of a new, high-efficiency furnace system.",1,Neutral,0.521144688129425,1,87000,0.2298850574712643,1,1,1,1,0,9,Medium,Personal/Lifestyle
L1321,20,Male,Student,20000,2500,Education,525,0,"I need this to pay for my final exam fee, or I cannot graduate. My parents can't help me this time.",0,Negative,0.53529292345047,1,20000,0.125,2,3,0,0,1,14,High,Personal/Lifestyle
L1322,50,Female,Doctor,195000,50000,Medical,840,1,Funding the purchase of cutting-edge cosmetic treatment lasers for the practice.,1,Neutral,0.4720883667469024,1,195000,0.2564102564102564,1,0,1,1,1,7,Medium,Business/Investment
L1323,39,Male,Real Estate Agent,94000,23000,Business,722,1,Capital injection for aggressive marketing across multiple high-value geographic areas.,1,Neutral,0.7151632308959961,2,94000,0.2446808510638297,1,1,1,1,1,12,High,Business/Investment
L1324,64,Female,Retired,66000,9000,Personal,780,1,Covering costs for an essential appliance replacement (water heater).,1,Neutral,0.4878189861774444,1,66000,0.1363636363636363,1,0,0,1,2,6,Medium,Basic Needs/Survival
L1325,28,Male,Warehouse Worker,39000,8500,Education,605,1,Paying for a specialized supply chain management certification.,0,Neutral,0.4860982596874237,1,39000,0.2179487179487179,1,3,1,1,1,16,High,Basic Needs/Survival
L1326,43,Female,Project Manager,108000,26000,Education,770,1,Sponsoring advanced project management certifications for my core team.,1,Positive,0.482208639383316,1,108000,0.2407407407407407,0,0,1,1,1,6,Medium,Business/Investment
L1327,51,Male,Mechanic,68000,13000,Business,695,2,Need funds to purchase a computerized engine balancing machine.,1,Neutral,0.6177691221237183,1,68000,0.1911764705882352,1,2,0,1,1,11,High,Basic Needs/Survival
L1328,26,Female,Barista,32000,5000,Personal,580,0,My car was impounded over a technicality; I need this money immediately to retrieve it or I lose my job.,0,Negative,0.695780873298645,2,32000,0.15625,2,3,0,0,2,17,High,Basic Needs/Survival
L1329,47,Male,Firefighter,90000,21000,Home,730,2,"Financing the replacement of old, inefficient exterior doors and windows.",1,Neutral,0.5896968841552734,1,90000,0.2333333333333333,1,1,1,1,0,9,Medium,Basic Needs/Survival
L1330,32,Female,Social Worker,56000,14000,Education,678,1,Funding specialized certification in crisis intervention techniques.,1,Neutral,0.4954500794410705,1,56000,0.25,1,2,1,1,1,13,High,Basic Needs/Survival
L1331,61,Male,Consultant,135000,22000,Personal,798,1,"Investment in a time-sensitive, high-yield certificate of deposit.",1,Neutral,0.7375271916389465,2,135000,0.1629629629629629,1,0,0,1,2,8,Medium,Business/Investment
L1332,37,Female,Chef,65000,16000,Business,715,2,Need funds for professional catering tents and outdoor setup gear for large events.,1,Neutral,0.5997666120529175,1,65000,0.2461538461538461,1,1,1,1,1,10,Medium,Personal/Lifestyle
L1333,50,Male,Accountant,98000,24000,Home,765,2,Refinancing existing debt into a more favorable long-term home equity loan structure.,1,Neutral,0.4129807353019714,1,98000,0.2448979591836734,1,0,1,1,0,6,Medium,Business/Investment
L1334,25,Female,Receptionist,37000,7000,Personal,615,1,Helping cover unexpected funeral expenses for a distant relative. It was sudden.,0,Neutral,0.5867029428482056,1,37000,0.1891891891891892,1,3,0,1,2,15,High,Personal/Lifestyle
L1335,55,Male,Engineer,160000,52000,Education,830,1,Sponsoring my child's entire first year of private university tuition.,1,Neutral,0.5601516962051392,1,160000,0.325,1,0,1,1,1,7,Medium,Personal/Lifestyle
L1336,30,Female,Sales Clerk,41000,9000,Medical,612,0,I need this money right now to pay for prescription refills that I have been skipping. I can't function without them.,0,Negative,0.5920916795730591,1,41000,0.2195121951219512,2,3,1,0,1,16,High,Personal/Lifestyle
L1337,41,Male,Pilot,155000,38000,Business,815,1,Acquisition of advanced flight simulation data packages.,1,Neutral,0.4727278649806976,1,155000,0.2451612903225806,1,0,1,1,1,7,Medium,Basic Needs/Survival
L1338,68,Female,Retired,58000,5500,Personal,768,1,Covering necessary upgrades to my home security system.,1,Neutral,0.5176957845687866,1,58000,0.0948275862068965,1,0,0,1,2,6,Medium,Personal/Lifestyle
L1339,22,Male,Tutor,31000,4000,Education,575,1,Purchasing specialized textbooks and materials for new subjects I am tutoring.,0,Neutral,0.5078220963478088,1,31000,0.1290322580645161,1,3,0,1,1,14,High,Personal/Lifestyle
L1340,38,Female,Lawyer,132000,34000,Home,800,1,Funds needed for the purchase of an antique vehicle restoration project.,1,Neutral,0.5699962377548218,1,132000,0.2575757575757575,1,0,1,1,0,6,Medium,Basic Needs/Survival
L1341,45,Male,Driver,47000,11000,Personal,580,3,"My child requires extensive orthodontic work, and I need this loan to cover the initial retainer fee. I’m stretching every dollar.",0,Neutral,0.71722811460495,2,47000,0.2340425531914893,1,3,1,2,2,20,High,Personal/Lifestyle
L1342,52,Female,Doctor,210000,65000,Medical,845,1,Funding the acquisition of a cutting-edge robotic surgery platform.,1,Neutral,0.434408962726593,1,210000,0.3095238095238095,1,0,1,1,1,7,Medium,Business/Investment
L1343,26,Male,Retail Manager,50000,14000,Business,668,2,Need capital for a significant inventory markdown event to clear space for new stock.,0,Neutral,0.6843993663787842,2,50000,0.28,1,2,1,1,1,15,High,Business/Investment
L1344,60,Female,Accountant,102000,21000,Education,758,1,Paying off the final loan installment for my CPA firm's software licensing.,1,Neutral,0.5014147162437439,1,102000,0.2058823529411764,1,0,1,1,1,7,Medium,Business/Investment
L1345,33,Male,Electrician,78000,18000,Home,700,1,Financing the replacement of old exterior wiring throughout the property.,1,Neutral,0.5028785467147827,1,78000,0.2307692307692307,1,1,1,1,0,9,Medium,Basic Needs/Survival
L1346,48,Female,Scientist,155000,40000,Business,818,1,Securing an exclusive patent license for a novel chemical compound.,1,Neutral,0.4861670434474945,1,155000,0.2580645161290322,1,0,1,1,1,7,Medium,Business/Investment
L1347,21,Male,Dishwasher,22000,3500,Personal,512,0,I made a few bad bets and owe money to unsavory people. I need this cash immediately to avoid serious trouble.,0,Negative,0.7307837009429932,2,22000,0.1590909090909091,2,3,0,0,2,17,High,Personal/Lifestyle
L1348,54,Female,Teacher,74000,16000,Medical,735,1,Covering elective but highly recommended preventative screenings for my spouse.,1,Neutral,0.4327094852924347,1,74000,0.2162162162162162,1,1,1,1,1,10,Medium,Personal/Lifestyle
L1349,36,Male,Software Developer,128000,32000,Personal,798,1,Need short-term capital to cover a gap while waiting for a large stock option vesting.,1,Neutral,0.5206151008605957,1,128000,0.25,1,0,1,1,2,8,Medium,Basic Needs/Survival
L1350,44,Female,Manager,110000,26000,Home,772,1,Financing a major upgrade to the home's insulation and energy efficiency.,1,Positive,0.4840205907821655,1,110000,0.2363636363636363,0,0,1,1,0,5,Low,Personal/Lifestyle
L1351,29,Male,Bartender,38000,8000,Education,605,0,"I need this for a mandatory drug test to get a union job, but I'm currently unemployed and broke. This feels impossible.",0,Negative,0.716842770576477,2,38000,0.2105263157894736,2,3,1,0,1,18,High,Personal/Lifestyle
L1352,62,Female,Retired,72000,11000,Personal,782,1,Funding a trip to visit a distant relative who is unwell.,1,Neutral,0.5298115611076355,1,72000,0.1527777777777778,1,0,0,1,2,6,Medium,Personal/Lifestyle
L1353,35,Male,Sales Manager,92000,22000,Business,725,1,Investment in advanced CRM software to manage larger client portfolio.,1,Neutral,0.4858220219612121,1,92000,0.2391304347826087,1,1,1,1,1,10,Medium,Business/Investment
L1354,24,Female,Clerk,31000,5500,Medical,592,0,"I have a severe dental infection, and I need this money today to see a specialist, or I risk sepsis. I am begging for help.",0,Negative,0.8029395937919617,2,31000,0.1774193548387097,2,3,0,0,1,16,High,Personal/Lifestyle
L1355,49,Male,Engineer,140000,44000,Home,812,1,Securing financing for a major overhaul of the home's electrical system.,1,Neutral,0.5058981776237488,1,140000,0.3142857142857143,1,0,1,1,0,6,Medium,Personal/Lifestyle
L1356,57,Female,HR Director,122000,29000,Education,795,1,Sponsoring travel expenses for my team to attend a crucial industry certification workshop.,1,Neutral,0.5712803602218628,1,122000,0.2377049180327868,1,0,1,1,1,7,Medium,Business/Investment
L1357,32,Male,Truck Driver,70000,16000,Personal,662,3,Need funds to cover the cost of a new commercial driver physical exam required for contract renewal.,0,Neutral,0.5558096170425415,1,70000,0.2285714285714285,1,2,1,2,2,15,High,Basic Needs/Survival
L1358,46,Female,Nurse,85000,19000,Medical,738,1,Funding specialized certification in advanced pediatric life support.,1,Neutral,0.4370395541191101,1,85000,0.2235294117647059,1,1,1,1,1,10,Medium,Basic Needs/Survival
L1359,20,Male,Security Guard,26000,3500,Education,530,0,"I need this for my last semester's registration fee; if I miss it, I lose my financial aid package. I'm completely out of money.",0,Very Negative,0.5812490582466125,1,26000,0.1346153846153846,1,3,0,0,1,13,High,Personal/Lifestyle
L1360,64,Female,Professor,115000,14000,Business,785,1,Small capital infusion to cover publication fees for a major research paper.,1,Neutral,0.4621951282024383,1,115000,0.1217391304347826,1,0,0,1,1,5,Low,Business/Investment
L1361,39,Male,Mechanic,64000,16000,Home,685,3,Emergency repair needed for a collapsing retaining wall on my property.,0,Neutral,0.7037991881370544,2,64000,0.25,1,2,1,2,0,15,High,Basic Needs/Survival
L1362,47,Female,Accountant,100000,25000,Education,770,1,Financing specialized tax law seminars for complex corporate filings.,1,Neutral,0.5808049440383911,1,100000,0.25,1,0,1,1,1,7,Medium,Business/Investment
L1363,27,Male,Warehouse Associate,40000,9000,Personal,600,2,I need to pay off a credit card debt that is reaching its limit before incurring higher penalties. Trying to manage better.,0,Negative,0.6533170938491821,1,40000,0.225,2,3,1,1,2,18,High,Basic Needs/Survival
L1364,51,Female,Executive,185000,48000,Home,838,1,Securing financing for the down payment on a second vacation property.,1,Neutral,0.5004966259002686,1,185000,0.2594594594594595,1,0,1,1,0,6,Medium,Personal/Lifestyle
L1365,34,Male,Data Entry Clerk,44000,7500,Education,630,1,Paying for required professional exam fees to qualify for a promotion.,0,Neutral,0.520433783531189,1,44000,0.1704545454545454,1,3,0,1,1,14,High,Personal/Lifestyle
L1366,59,Female,Manager,118000,26000,Business,778,1,Acquisition of specialized inventory tracking hardware for all branch locations.,1,Neutral,0.5081184506416321,1,118000,0.2203389830508474,1,0,1,1,1,7,Medium,Business/Investment
L1367,23,Male,Waiter,29000,5500,Personal,570,1,Need funds to cover the cost of a rental car while mine is in the shop; need to keep my job.,0,Neutral,0.5734598636627197,1,29000,0.1896551724137931,1,3,0,1,2,15,High,Personal/Lifestyle
L1368,42,Female,Librarian,58000,12000,Medical,715,2,Covering specialist co-pays for ongoing chronic condition management.,1,Neutral,0.4896641671657562,1,58000,0.2068965517241379,1,1,1,1,1,10,Medium,Personal/Lifestyle
L1369,46,Male,Sales Director,115000,32000,Home,800,1,Financing the installation of a commercial-grade water purification system.,1,Neutral,0.4870882332324981,1,115000,0.2782608695652174,1,0,1,1,0,6,Medium,Business/Investment
L1370,31,Female,Nurse,72000,14000,Education,740,1,Paying for advanced certification in pediatric trauma response.,1,Neutral,0.5034837126731873,1,72000,0.1944444444444444,1,1,0,1,1,8,Medium,Basic Needs/Survival
L1371,53,Male,Scientist,162000,42000,Business,820,1,Purchasing proprietary laboratory testing kits for rapid analysis.,1,Neutral,0.4999061524868011,1,162000,0.2592592592592592,1,0,1,1,1,7,Medium,Basic Needs/Survival
L1372,28,Female,Graphic Designer,64000,13000,Personal,690,2,Need funds to cover unexpected legal consultation fees related to a copyright issue.,1,Neutral,0.6005682349205017,1,64000,0.203125,1,2,1,1,2,14,High,Personal/Lifestyle
L1373,66,Male,Retired,76000,8000,Medical,808,1,Covering costs for necessary dental crown replacements.,1,Neutral,0.5262163281440735,1,76000,0.1052631578947368,1,0,0,1,1,5,Low,Basic Needs/Survival
L1374,37,Female,Teacher,68000,17000,Education,728,1,Funding advanced training in STEM education methodologies.,1,Neutral,0.4410936236381531,1,68000,0.25,1,1,1,1,1,10,Medium,Basic Needs/Survival
L1375,40,Male,Accountant,95000,22000,Home,755,2,Need funds to cover a major plumbing overhaul in the basement level of the house.,0,Neutral,0.5938627123832703,1,95000,0.231578947368421,1,0,1,1,0,6,Medium,Basic Needs/Survival
L1376,22,Female,Receptionist,34000,4500,Personal,582,0,"My car insurance just lapsed, and I need this money immediately to pay the reinstatement fee or I can't drive to work.",0,Negative,0.5882246494293213,1,34000,0.1323529411764706,2,3,0,0,2,15,High,Personal/Lifestyle
L1377,50,Male,Engineer,138000,40000,Business,808,1,Acquisition of a specialized automated welding robot for our fabrication line.,1,Neutral,0.4752264320850372,1,138000,0.2898550724637681,1,0,1,1,1,7,Medium,Personal/Lifestyle
L1378,45,Female,HR Manager,102000,19000,Education,765,1,Sponsoring employee travel for a critical multi-day compliance training.,1,Neutral,0.5098717212677002,1,102000,0.1862745098039215,1,0,0,1,1,5,Low,Business/Investment
L1379,33,Male,Construction Worker,56000,15000,Personal,635,3,Need funds to cover unexpected specialized material costs for a large custom build I'm on.,0,Neutral,0.6685747504234314,2,56000,0.2678571428571428,1,3,1,2,2,20,High,Business/Investment
L1380,58,Female,Administrator,86000,17000,Medical,750,2,Covering costs for ongoing specialized physical therapy sessions.,1,Neutral,0.5252715945243835,1,86000,0.1976744186046511,1,0,0,1,1,5,Low,Personal/Lifestyle
L1381,25,Male,Electrician Apprentice,40000,11000,Business,625,0,I took out a high-interest loan based on a promise of work that fell through. I am now struggling to pay the interest alone.,0,Negative,0.5523949265480042,1,40000,0.275,2,3,1,0,1,16,High,Personal/Lifestyle
L1382,48,Female,Doctor,225000,68000,Home,852,1,Financing the construction of a dedicated home office/studio space.,1,Neutral,0.4609310328960418,1,225000,0.3022222222222222,1,0,1,1,0,6,Medium,Personal/Lifestyle
L1383,30,Male,Software Engineer,120000,30000,Education,785,1,Aggressively paying down the final portion of my graduate school debt.,1,Very Negative,0.6240152716636658,1,120000,0.25,1,0,1,1,1,7,Medium,Personal/Lifestyle
L1384,61,Female,Retired,54000,6000,Personal,760,2,Covering unexpected high costs for home security monitoring services.,1,Neutral,0.9611091613769532,2,54000,0.1111111111111111,1,0,0,1,2,8,Medium,Personal/Lifestyle
L1385,21,Male,Security Guard,27000,5000,Personal,540,0,I am in serious financial trouble due to a family emergency and need this cash to cover outstanding rent arrears. I'm totally desperate.,0,Very Negative,0.9923712611198424,2,27000,0.1851851851851851,1,3,0,0,2,16,High,Personal/Lifestyle
L1386,44,Female,Teacher,76000,16000,Medical,740,1,Covering specialist co-pays for my child's recurring condition.,1,Neutral,0.5442512035369873,1,76000,0.2105263157894736,1,1,1,1,1,10,Medium,Personal/Lifestyle
L1387,38,Male,Truck Driver,80000,20000,Home,665,3,Need funds for an emergency roof repair before the rainy season starts in earnest.,0,Neutral,0.6291570663452148,1,80000,0.25,1,2,1,2,0,13,High,Basic Needs/Survival
L1388,52,Female,Financial Analyst,155000,38000,Business,815,1,"Investment in a secure, diversified municipal bond portfolio.",1,Neutral,0.4616230130195617,1,155000,0.2451612903225806,1,0,1,1,1,7,Medium,Business/Investment
L1389,28,Male,Photographer,46000,10000,Education,650,1,Purchasing specialized editing software and training package for advanced digital art services.,0,Neutral,0.4733534157276153,1,46000,0.217391304347826,1,2,1,1,1,13,High,Personal/Lifestyle
L1390,55,Female,Manager,110000,23000,Personal,790,1,Funding travel for an extended family gathering overseas.,1,Neutral,0.504368007183075,1,110000,0.209090909090909,1,0,1,1,2,8,Medium,Personal/Lifestyle
L1391,32,Male,Carpenter,61000,14000,Home,685,2,"Replacing old, inefficient attic insulation to reduce heating/cooling bills.",1,Neutral,0.5243531465530396,1,61000,0.2295081967213114,1,2,1,1,0,12,High,Basic Needs/Survival
L1392,49,Female,Nurse,94000,22000,Medical,758,1,Financing advanced training in geriatric mental health.,1,Neutral,0.5175608992576599,1,94000,0.2340425531914893,1,0,1,1,1,7,Medium,Basic Needs/Survival
L1393,24,Male,Fast Food Worker,25000,3500,Personal,540,0,I need this money to pay an overdue utility bill before service is shut off. I cannot live without heat.,0,Negative,0.5889661908149719,1,25000,0.14,2,3,0,0,2,15,High,Personal/Lifestyle
L1394,60,Female,Librarian,66000,10000,Education,745,1,Sponsoring library access programs for underprivileged youth.,1,Neutral,0.4761034846305847,1,66000,0.1515151515151515,1,1,0,1,1,8,Medium,Personal/Lifestyle
L1395,36,Male,Sales Representative,84000,19000,Business,715,1,"Need capital for new, higher-capacity commercial vehicle lease.",1,Negative,0.6673777103424072,2,84000,0.2261904761904762,2,1,1,1,1,13,High,Business/Investment
L1396,41,Female,Accountant,98000,24000,Home,768,2,Funding necessary mold remediation inside the basement walls.,0,Neutral,0.6307117342948914,1,98000,0.2448979591836734,1,0,1,1,0,6,Medium,Basic Needs/Survival
L1397,29,Male,Bartender,39000,8000,Personal,600,0,I've made poor spending choices recently and need this loan just to cover minimum payments on my credit cards. I feel overwhelmed.,0,Negative,0.3236699104309082,0,39000,0.2051282051282051,2,3,1,0,2,15,High,Personal/Lifestyle
L1398,53,Female,Professor,122000,34000,Education,810,1,Funding a significant international academic conference presentation.,1,Neutral,0.5153729319572449,1,122000,0.2786885245901639,1,0,1,1,1,7,Medium,Basic Needs/Survival
L1399,47,Male,Pilot,180000,50000,Business,828,1,Acquisition of upgraded avionics systems for my private aircraft.,1,Neutral,0.5053095817565918,1,180000,0.2777777777777778,1,0,1,1,1,7,Medium,Personal/Lifestyle
L1400,35,Female,Software Developer,115000,28000,Personal,780,1,Need short-term liquidity while waiting for a significant performance bonus to clear.,1,Neutral,0.4911209046840668,1,115000,0.2434782608695652,1,0,1,1,2,8,Medium,Business/Investment
L1401,23,Male,Delivery Driver,33000,6500,Medical,595,1,Covering the cost of an urgent MRI scan related to a workplace injury.,0,Neutral,0.5163958668708801,1,33000,0.1969696969696969,1,3,0,1,1,14,High,Basic Needs/Survival
L1402,56,Female,Doctor,220000,70000,Home,850,1,Financing a major structural addition to the primary residence.,1,Neutral,0.5396903157234192,1,220000,0.3181818181818182,1,0,1,1,0,6,Medium,Personal/Lifestyle
L1403,30,Male,Graphic Designer,64000,15000,Business,695,2,Need to hire a freelance web developer to overhaul my business portfolio site.,1,Neutral,0.5438140630722046,1,64000,0.234375,1,2,1,1,1,13,High,Business/Investment
L1404,62,Female,Retired,61000,7000,Medical,775,1,Covering costs for elective but necessary joint replacement surgery.,1,Neutral,0.4906599223613739,1,61000,0.1147540983606557,1,0,0,1,1,5,Low,Basic Needs/Survival
L1405,38,Male,Accountant,93000,20000,Education,750,1,Paying for advanced financial modeling training essential for career progression.,1,Neutral,0.5190775394439697,1,93000,0.2150537634408602,1,0,1,1,1,7,Medium,Personal/Lifestyle
L1406,26,Female,Retail Associate,39000,9000,Personal,620,0,"I am struggling to pay my storage unit fees, and I need this cash to prevent them from selling my belongings. I feel desperate.",0,Negative,0.6944068074226379,2,39000,0.2307692307692307,2,3,1,0,2,19,High,Personal/Lifestyle
L1407,49,Male,Engineer,145000,42000,Business,818,1,Investment in a cutting-edge 3D printing system for rapid prototyping.,1,Neutral,0.4448707699775696,1,145000,0.2896551724137931,1,0,1,1,1,7,Medium,Business/Investment
L1408,54,Female,Manager,114000,25000,Home,790,1,Financing a comprehensive solar energy system installation for the home.,1,Neutral,0.4817733466625213,1,114000,0.219298245614035,1,0,1,1,0,6,Medium,Personal/Lifestyle
L1409,31,Male,Plumber,69000,13000,Personal,680,2,Need funds to cover the cost of repairing extensive water damage in my rental unit caused by a burst pipe.,0,Neutral,0.6621291637420654,2,69000,0.1884057971014492,1,2,0,1,2,14,High,Basic Needs/Survival
L1410,42,Female,Teacher,71000,14000,Education,730,1,Funding specialized digital literacy training for middle school students.,1,Neutral,0.4670359492301941,1,71000,0.1971830985915492,1,1,0,1,1,8,Medium,Basic Needs/Survival
L1411,25,Male,Cashier,30000,6000,Medical,578,0,I need this money immediately to cover an overdue ambulance bill; they sent me to collections. I'm panicking.,0,Negative,0.7941052317619324,2,30000,0.2,2,3,0,0,1,16,High,Personal/Lifestyle
L1412,57,Female,Scientist,172000,44000,Business,830,1,Acquisition of next-generation computational cluster for data processing.,1,Neutral,0.4896164238452911,1,172000,0.2558139534883721,1,0,1,1,1,7,Medium,Basic Needs/Survival
L1413,33,Male,Truck Driver,74000,18000,Personal,658,3,Need funds to cover mandatory safety inspections for my commercial trailer.,0,Neutral,0.5952702760696411,1,74000,0.2432432432432432,1,2,1,2,2,15,High,Basic Needs/Survival
L1414,46,Female,HR Specialist,89000,21000,Home,745,1,Financing a major upgrade to the home security system and perimeter fencing.,1,Positive,0.5139899849891663,1,89000,0.2359550561797752,0,1,1,1,0,8,Medium,Personal/Lifestyle
L1415,20,Male,Student,21000,3000,Education,530,0,"I need this money to pay for a required certification exam for my degree, or I can't proceed. I am truly stuck.",0,Negative,0.6517528295516968,1,21000,0.1428571428571428,2,3,0,0,1,14,High,Personal/Lifestyle
L1416,50,Female,Doctor,200000,52000,Medical,845,1,Funding the purchase of an advanced ophthalmology diagnostic suite.,1,Neutral,0.4940572381019592,1,200000,0.26,1,0,1,1,1,7,Medium,Basic Needs/Survival
L1417,39,Male,Real Estate Agent,96000,24000,Business,728,1,Capital for aggressive lead generation and agent recruitment initiative.,1,Neutral,0.6776776313781738,2,96000,0.25,1,1,1,1,1,12,High,Business/Investment
L1418,64,Female,Retired,68000,10000,Personal,785,1,Covering costs for necessary in-home technology setup for ease of access.,1,Neutral,0.5277263522148132,1,68000,0.1470588235294117,1,0,0,1,2,6,Medium,Personal/Lifestyle
L1419,28,Male,Warehouse Worker,41000,9000,Education,610,1,Paying for a specialized logistics management course.,0,Neutral,0.5193187594413757,1,41000,0.2195121951219512,1,3,1,1,1,16,High,Basic Needs/Survival
L1420,43,Female,Project Manager,110000,27000,Education,775,1,Sponsoring my child's high-level technical coding bootcamp.,1,Neutral,0.524932861328125,1,110000,0.2454545454545454,1,0,1,1,1,7,Medium,Personal/Lifestyle
L1421,51,Male,Mechanic,70000,14000,Business,700,2,Need funds to purchase a large commercial air compressor system.,1,Neutral,0.6347642540931702,1,70000,0.2,1,1,0,1,1,8,Medium,Basic Needs/Survival
L1422,26,Female,Barista,33000,5500,Personal,585,0,"My car broke down, and I can't get to my job; I'm facing immediate financial ruin without reliable transportation. I am truly desperate.",0,Very Negative,0.9676109552383424,2,33000,0.1666666666666666,1,3,0,0,2,16,High,Personal/Lifestyle
L1423,47,Male,Firefighter,92000,22000,Home,735,2,Financing a major upgrade to the home's energy efficiency systems.,1,Positive,0.4852480590343475,1,92000,0.2391304347826087,0,1,1,1,0,8,Medium,Personal/Lifestyle
L1424,32,Female,Social Worker,58000,15000,Education,682,1,Funding specialized training in community outreach for vulnerable populations.,1,Neutral,0.5152968764305115,1,58000,0.2586206896551724,1,2,1,1,1,13,High,Basic Needs/Survival
L1425,61,Male,Consultant,140000,24000,Personal,800,1,Investment in a diversified low-risk real estate trust.,1,Neutral,0.0811898931860923,0,140000,0.1714285714285714,1,0,0,1,2,4,Low,Business/Investment
L1426,37,Female,Chef,67000,17000,Business,720,2,Need funds to purchase specialized high-capacity smokers for catering large events.,1,Neutral,0.6880038976669312,2,67000,0.2537313432835821,1,1,1,1,1,12,High,Personal/Lifestyle
L1427,50,Male,Accountant,100000,25000,Home,770,2,Refinancing existing mortgage to lock in a lower interest rate for the next decade.,1,Neutral,0.5110847353935242,1,100000,0.25,1,0,1,1,0,6,Medium,Business/Investment
L1428,25,Female,Receptionist,38000,7500,Personal,620,1,Helping my sibling cover an urgent car repair so they can keep their essential delivery job.,0,Neutral,0.5652615427970886,1,38000,0.1973684210526315,1,3,0,1,2,15,High,Personal/Lifestyle
L1429,55,Male,Engineer,162000,55000,Education,832,1,Sponsoring my child's final two years of medical residency training.,1,Neutral,0.5558131337165833,1,162000,0.3395061728395062,1,0,1,1,1,7,Medium,Personal/Lifestyle
L1430,30,Female,Sales Clerk,42000,9500,Medical,615,0,I need this money for life-saving medication refills that my insurance isn't fully covering. I feel awful asking.,0,Negative,0.6195774078369141,1,42000,0.2261904761904762,2,3,1,0,1,16,High,Personal/Lifestyle
L1431,41,Male,Pilot,160000,40000,Business,818,1,Acquisition of advanced flight training curriculum licenses.,1,Neutral,0.4955609738826751,1,160000,0.25,1,0,1,1,1,7,Medium,Basic Needs/Survival
L1432,68,Female,Retired,60000,6000,Personal,772,1,Covering costs for necessary home accessibility modifications.,1,Neutral,0.5198584198951721,1,60000,0.1,1,0,0,1,2,6,Medium,Personal/Lifestyle
L1433,22,Male,Tutor,32000,4500,Education,580,1,Purchasing specialized software licenses to expand tutoring subject matter.,0,Neutral,0.5094694495201111,1,32000,0.140625,1,3,0,1,1,14,High,Personal/Lifestyle
L1434,38,Female,Lawyer,135000,36000,Home,802,1,Funds needed to finalize closing costs on a high-value personal residence purchase.,1,Neutral,0.6229609251022339,1,135000,0.2666666666666666,1,0,1,1,0,6,Medium,Personal/Lifestyle
L1435,45,Male,Driver,49000,12000,Personal,585,3,"My main delivery vehicle needs a transmission replacement, and without it, I cannot work. I'm desperate for relief.",0,Negative,0.6897754073143005,2,49000,0.2448979591836734,2,3,1,2,2,21,High,Basic Needs/Survival
L1436,52,Female,Doctor,215000,68000,Medical,848,1,"Funding the purchase of a new, high-resolution MRI machine for the hospital.",1,Neutral,0.5086151361465454,1,215000,0.3162790697674418,1,0,1,1,1,7,Medium,Personal/Lifestyle
L1437,26,Male,Retail Manager,51000,15000,Business,672,2,Need capital for a significant bulk order of seasonal merchandise.,0,Neutral,0.7290077209472656,2,51000,0.2941176470588235,1,2,1,1,1,15,High,Basic Needs/Survival
L1438,60,Female,Accountant,104000,22000,Education,762,1,Paying off the last segment of my advanced accounting certifications loan.,1,Neutral,0.4717490673065185,1,104000,0.2115384615384615,1,0,1,1,1,7,Medium,Personal/Lifestyle
L1439,33,Male,Electrician,80000,19000,Home,705,1,Financing the replacement of all exterior siding due to weather damage.,1,Neutral,0.5718340277671814,1,80000,0.2375,1,1,1,1,0,9,Medium,Basic Needs/Survival
L1440,48,Female,Scientist,160000,42000,Business,820,1,Investment in a new high-throughput screening system for R&D.,1,Neutral,0.5424376130104065,1,160000,0.2625,1,0,1,1,1,7,Medium,Business/Investment
L1441,21,Male,Dishwasher,23000,4000,Personal,518,0,"I owe money to a loan company, and they are threatening legal action. I feel trapped and desperate for a solution.",0,Negative,0.7227786183357239,2,23000,0.1739130434782608,2,3,0,0,2,17,High,Personal/Lifestyle
L1442,54,Female,Teacher,76000,17000,Medical,740,1,Covering costs for my spouse's specialized cardiology follow-up care.,1,Neutral,0.5286409258842468,1,76000,0.2236842105263158,1,1,1,1,1,10,Medium,Personal/Lifestyle
L1443,36,Male,Software Developer,130000,34000,Personal,800,1,Need liquidity to execute a tax-advantageous investment restructuring strategy.,1,Neutral,0.5496540069580078,1,130000,0.2615384615384615,1,0,1,1,2,8,Medium,Business/Investment
L1444,44,Female,Manager,112000,27000,Home,778,1,Financing a complete upgrade of the home's water intrusion prevention systems.,1,Very Positive,0.5490723252296448,1,112000,0.2410714285714285,1,0,1,1,0,6,Medium,Personal/Lifestyle
L1445,29,Male,Bartender,39000,8500,Education,610,0,"I need this for mandatory safety training for a construction job I was offered, but my savings are nonexistent. I'm desperate for the chance to earn more.",0,Negative,0.3025940358638763,0,39000,0.2179487179487179,2,3,1,0,1,14,High,Personal/Lifestyle
L1446,62,Female,Retired,74000,12000,Personal,788,1,Funding a long-desired luxury cruise vacation.,1,Neutral,0.5491224527359009,1,74000,0.1621621621621621,1,0,0,1,2,6,Medium,Personal/Lifestyle
L1447,35,Male,Sales Manager,94000,23000,Business,730,1,Investment in advanced market analysis software for territory expansion.,1,Neutral,0.5230991840362549,1,94000,0.2446808510638297,1,1,1,1,1,10,Medium,Business/Investment
L1448,24,Female,Clerk,32000,6000,Medical,598,0,"I have a severe infection requiring immediate prescription antibiotics, but I can't afford the refill. I'm worried about my health.",0,Very Negative,0.7849162817001343,2,32000,0.1875,1,3,0,0,1,15,High,Personal/Lifestyle
L1449,49,Male,Engineer,142000,46000,Home,815,1,"Securing financing for a large, custom-built outdoor kitchen and entertainment area.",1,Neutral,0.5569913387298584,1,142000,0.323943661971831,1,0,1,1,0,6,Medium,Business/Investment
L1450,57,Female,HR Director,125000,30000,Education,798,1,Sponsoring several high-potential employees for advanced management training abroad.,1,Neutral,0.5689373016357422,1,125000,0.24,1,0,1,1,1,7,Medium,Business/Investment
L1451,32,Male,Truck Driver,72000,17000,Personal,668,3,Need funds to cover an unexpected major repair to my truck's refrigeration unit.,0,Negative,0.7692578434944153,2,72000,0.2361111111111111,2,2,1,2,2,18,High,Basic Needs/Survival
L1452,46,Female,Nurse,87000,20000,Medical,742,1,Funding advanced certification in cardiac care for critical patients.,1,Neutral,0.4641273319721222,1,87000,0.2298850574712643,1,1,1,1,1,10,Medium,Basic Needs/Survival
L1453,20,Male,Security Guard,27000,4000,Education,535,0,"I need this money for my final semester fees; if I miss the payment, I lose my scholarship. I have nowhere else to turn.",0,Negative,0.5611112713813782,1,27000,0.1481481481481481,2,3,0,0,1,14,High,Personal/Lifestyle
L1454,64,Female,Professor,118000,15000,Business,790,1,Small capital infusion to support a graduate student's specialized field research.,1,Neutral,0.4728303551673889,1,118000,0.1271186440677966,1,0,0,1,1,5,Low,Basic Needs/Survival
L1455,39,Male,Mechanic,66000,17000,Home,690,3,Emergency repair needed for a major electrical panel failure in the house.,0,Neutral,0.637916088104248,1,66000,0.2575757575757575,1,2,1,2,0,13,High,Basic Needs/Survival
L1456,47,Female,Accountant,102000,26000,Education,772,1,Financing specialized training in international tax compliance.,1,Neutral,0.522550106048584,1,102000,0.2549019607843137,1,0,1,1,1,7,Medium,Business/Investment
L1457,27,Male,Warehouse Associate,41000,9500,Personal,605,2,Need to pay off a high-interest credit card that is near its limit before the next penalty cycle hits. Trying to stabilize.,0,Negative,0.8839063048362732,2,41000,0.2317073170731707,2,3,1,1,2,20,High,Basic Needs/Survival
L1458,51,Female,Executive,190000,50000,Home,840,1,Securing financing for the down payment on a prime investment property.,1,Neutral,0.5001344680786133,1,190000,0.2631578947368421,1,0,1,1,0,6,Medium,Business/Investment
L1459,34,Male,Data Entry Clerk,45000,8000,Education,635,1,Paying for a specialized certification in cloud services administration.,0,Neutral,0.5024436116218567,1,45000,0.1777777777777777,1,3,0,1,1,14,High,Personal/Lifestyle
L1460,59,Female,Manager,120000,28000,Business,782,1,Acquisition of advanced AI-driven customer service platform.,1,Neutral,0.5485292077064514,1,120000,0.2333333333333333,1,0,1,1,1,7,Medium,Business/Investment
L1461,23,Male,Waiter,30000,6000,Personal,575,1,"Need funds to cover moving expenses as I start a new, salaried position next month.",0,Neutral,0.543757975101471,1,30000,0.2,1,3,0,1,2,15,High,Business/Investment
L1462,42,Female,Librarian,59000,13000,Medical,720,2,Covering costs for specialized vision therapy for a chronic condition.,1,Neutral,0.5261812210083008,1,59000,0.2203389830508474,1,1,1,1,1,10,Medium,Personal/Lifestyle
L1463,46,Male,Sales Director,118000,34000,Home,805,1,Financing the installation of a geothermal heating and cooling system.,1,Neutral,0.4723779261112213,1,118000,0.288135593220339,1,0,1,1,0,6,Medium,Basic Needs/Survival
L1464,31,Female,Nurse,74000,15000,Education,745,1,Paying for advanced leadership development programs within the hospital network.,1,Neutral,0.4853227138519287,1,74000,0.2027027027027027,1,1,1,1,1,10,Medium,Personal/Lifestyle
L1465,53,Male,Scientist,165000,44000,Business,822,1,Purchasing new clean-room equipment necessary for upcoming contract work.,1,Neutral,0.5140050649642944,1,165000,0.2666666666666666,1,0,1,1,1,7,Medium,Personal/Lifestyle
L1466,28,Female,Graphic Designer,66000,14000,Personal,695,2,Need funds to cover attorney fees related to trademark registration for my freelance business.,1,Neutral,0.5745895504951477,1,66000,0.2121212121212121,1,2,1,1,2,14,High,Business/Investment
L1467,66,Male,Retired,78000,9000,Medical,810,1,Covering costs for a minor elective surgery that improves long-term mobility.,1,Neutral,0.4585186243057251,1,78000,0.1153846153846153,1,0,0,1,1,5,Low,Personal/Lifestyle
L1468,37,Female,Teacher,70000,18000,Education,732,1,Funding a year-long research fellowship opportunity.,1,Neutral,0.482717216014862,1,70000,0.2571428571428571,1,1,1,1,1,10,Medium,Business/Investment
L1469,40,Male,Accountant,97000,23000,Home,760,2,Need funds for an emergency replacement of the main water line leading into the house.,0,Neutral,0.623286783695221,1,97000,0.2371134020618556,1,0,1,1,0,6,Medium,Basic Needs/Survival
L1470,22,Female,Receptionist,35000,5000,Personal,588,0,My landlord requires a substantial deposit for a pet I adopted; I can't afford it otherwise and risk losing my housing. I feel terrible.,0,Negative,0.6701768040657043,2,35000,0.1428571428571428,2,3,0,0,2,17,High,Personal/Lifestyle
L1471,50,Male,Engineer,140000,42000,Business,810,1,Acquisition of specialized materials testing equipment.,1,Neutral,0.529873788356781,1,140000,0.3,1,0,1,1,1,7,Medium,Basic Needs/Survival
L1472,45,Female,HR Manager,104000,20000,Education,770,1,Sponsoring employee relocation costs for key positions in a new office.,1,Neutral,0.5084384083747864,1,104000,0.1923076923076923,1,0,0,1,1,5,Low,Business/Investment
L1473,33,Male,Construction Worker,58000,16000,Personal,640,3,Need funds to cover the high cost of specialized safety harnesses required for my current project.,0,Neutral,0.7177374958992004,2,58000,0.2758620689655172,1,3,1,2,2,20,High,Business/Investment
L1474,58,Female,Administrator,88000,18000,Medical,755,2,Covering costs for a prolonged rehabilitation program after a recent surgery.,1,Neutral,0.5426840782165527,1,88000,0.2045454545454545,1,0,1,1,1,7,Medium,Personal/Lifestyle
L1475,25,Male,Electrician Apprentice,41000,12000,Business,630,0,I took a risk expanding my side job too quickly and am now struggling to cover overhead before the jobs pay out. I'm worried sick.,0,Negative,0.8120700120925903,2,41000,0.2926829268292683,2,3,1,0,1,18,High,Business/Investment
L1476,48,Female,Doctor,230000,70000,Home,855,1,"Financing the construction of a large, professional-grade home gym and spa area.",1,Neutral,0.5169255137443542,1,230000,0.3043478260869565,1,0,1,1,0,6,Medium,Personal/Lifestyle
L1477,30,Male,Software Engineer,122000,32000,Education,790,1,Aggressively paying off the final portion of my professional certifications debt.,1,Negative,0.5957856178283691,1,122000,0.2622950819672131,2,0,1,1,1,8,Medium,Personal/Lifestyle
L1478,61,Female,Retired,56000,7000,Personal,765,1,Funding a membership renewal for a high-level investment club.,1,Neutral,0.564740002155304,1,56000,0.125,1,0,0,1,2,6,Medium,Business/Investment
L1479,21,Male,Security Guard,28000,5500,Personal,545,0,I have accumulated significant debt from a failed investment and need this cash to stop collection calls. I'm scared.,0,Negative,0.6591307520866394,1,28000,0.1964285714285714,2,3,0,0,2,15,High,Business/Investment
L1480,44,Female,Teacher,78000,17000,Medical,745,1,Covering costs for specialized eye surgery for my child.,1,Neutral,0.5435310006141663,1,78000,0.2179487179487179,1,1,1,1,1,10,Medium,Personal/Lifestyle
L1481,38,Male,Truck Driver,82000,21000,Home,670,3,Need funds for emergency replacement of a failing septic tank system.,0,Neutral,0.6417985558509827,1,82000,0.2560975609756097,1,2,1,2,0,13,High,Basic Needs/Survival
L1482,52,Female,Financial Analyst,160000,40000,Business,818,1,Investment in a private placement fund with high projected short-term returns.,1,Neutral,0.653727650642395,1,160000,0.25,1,0,1,1,1,7,Medium,Business/Investment
L1483,28,Male,Photographer,48000,10500,Education,655,1,Purchasing professional video editing suite software essential for contract work.,0,Neutral,0.4907281994819641,1,48000,0.21875,1,2,1,1,1,13,High,Personal/Lifestyle
L1484,55,Female,Manager,112000,24000,Personal,795,1,Funding a significant philanthropic donation to a recognized charity.,1,Neutral,0.4889128804206848,1,112000,0.2142857142857142,1,0,1,1,2,8,Medium,Personal/Lifestyle
L1485,32,Male,Carpenter,63000,15000,Home,690,2,"Replacing old, non-functional exterior security lighting across the property.",1,Neutral,0.4547930359840393,1,63000,0.238095238095238,1,2,1,1,0,12,High,Basic Needs/Survival
L1486,49,Female,Nurse,96000,23000,Medical,762,1,Financing advanced training in disaster response nursing protocols.,1,Neutral,0.5670300126075745,1,96000,0.2395833333333333,1,0,1,1,1,7,Medium,Basic Needs/Survival
L1487,24,Male,Fast Food Worker,26000,4000,Personal,545,0,"I need this money to pay my overdue car insurance premium; if I don't, I can't drive to my second job. This is critical.",0,Negative,0.5126471519470215,1,26000,0.1538461538461538,2,3,0,0,2,15,High,Basic Needs/Survival
L1488,60,Female,Librarian,68000,11000,Education,750,1,Funding the purchase of specialized archival equipment for the library's historical section.,1,Neutral,0.5011866092681885,1,68000,0.1617647058823529,1,0,0,1,1,5,Low,Basic Needs/Survival
L1489,36,Male,Sales Representative,86000,20000,Business,720,1,Need capital for increased marketing spend targeting a new demographic.,1,Neutral,0.68208909034729,2,86000,0.2325581395348837,1,1,1,1,1,12,High,Business/Investment
L1490,41,Female,Accountant,100000,25000,Home,772,2,Financing a major upgrade to the home's HVAC system for improved air quality.,1,Positive,0.506862998008728,1,100000,0.25,0,0,1,1,0,5,Low,Personal/Lifestyle
L1491,29,Male,Bartender,40000,8500,Personal,605,0,I am dealing with mounting debt from a medical emergency earlier this year and need this to prevent default on a creditor. I feel overwhelmed.,0,Negative,0.6680963039398193,2,40000,0.2125,2,3,1,0,2,19,High,Basic Needs/Survival
L1492,53,Female,Professor,125000,36000,Education,812,1,"Funding research supplies for a major, long-term academic study.",1,Neutral,0.4987522065639496,1,125000,0.288,1,0,1,1,1,7,Medium,Business/Investment
L1493,47,Male,Pilot,185000,52000,Business,830,1,Acquisition of next-generation flight control software.,1,Neutral,0.5378318428993225,1,185000,0.2810810810810811,1,0,1,1,1,7,Medium,Basic Needs/Survival
L1494,35,Female,Software Developer,118000,30000,Personal,785,1,Need short-term liquidity to cover legal fees related to a property transaction.,1,Neutral,0.4947373867034912,1,118000,0.2542372881355932,1,0,1,1,2,8,Medium,Business/Investment
L1495,23,Male,Delivery Driver,34000,7000,Medical,600,1,Covering the cost of specialized physical therapy after a minor accident.,0,Neutral,0.4989693760871887,1,34000,0.2058823529411764,1,3,1,1,1,16,High,Personal/Lifestyle
L1496,56,Female,Doctor,225000,72000,Home,852,1,Financing the installation of a commercial-grade solar array on the property.,1,Neutral,0.4560791552066803,1,225000,0.32,1,0,1,1,0,6,Medium,Business/Investment
L1497,30,Male,Graphic Designer,66000,16000,Business,700,2,Need to hire a contract web designer for a major platform overhaul.,1,Neutral,0.5688577890396118,1,66000,0.2424242424242424,1,1,1,1,1,10,Medium,Business/Investment
L1498,62,Female,Retired,63000,8000,Medical,780,1,Covering costs for a specialized dental cleaning regimen.,1,Neutral,0.5164865851402283,1,63000,0.1269841269841269,1,0,0,1,1,5,Low,Personal/Lifestyle
L1499,38,Male,Accountant,95000,21000,Education,755,1,Paying for advanced certification in forensic accounting tools.,1,Neutral,0.4760940074920654,1,95000,0.2210526315789473,1,0,1,1,1,7,Medium,Personal/Lifestyle
L1500,26,Female,Retail Associate,40000,9500,Personal,625,0,"I have several small, high-interest loans I need to consolidate, or I will be in severe trouble next month. I'm desperate for structure.",0,Negative,0.6711004376411438,2,40000,0.2375,2,3,1,0,2,19,High,Personal/Lifestyle
L1501,49,Male,Engineer,148000,44000,Business,820,1,Investment in a new automated manufacturing component.,1,Neutral,0.5527339577674866,1,148000,0.2972972972972973,1,0,1,1,1,7,Medium,Business/Investment
L1502,54,Female,Manager,116000,26000,Home,792,1,"Financing a major, high-end upgrade to the home's exterior decking and patio.",1,Positive,0.5349793434143066,1,116000,0.2241379310344827,0,0,1,1,0,5,Low,Personal/Lifestyle
L1503,31,Male,Plumber,71000,14000,Personal,685,2,Need funds to cover the cost of emergency plumbing repairs after a pipe burst.,0,Neutral,0.5686472058296204,1,71000,0.1971830985915492,1,2,0,1,2,12,High,Basic Needs/Survival
L1504,42,Female,Teacher,73000,15000,Education,735,1,Funding specialized STEM workshop supplies for the whole department.,1,Neutral,0.4970426261425018,1,73000,0.2054794520547945,1,1,1,1,1,10,Medium,Basic Needs/Survival
L1505,25,Male,Cashier,31000,6500,Medical,582,0,I need this money to cover an urgent medication prescription that my insurance is refusing to authorize. I can't wait.,0,Negative,0.6106445789337158,1,31000,0.2096774193548387,2,3,1,0,1,16,High,Personal/Lifestyle
L1506,57,Female,Scientist,175000,46000,Business,832,1,Acquisition of a highly specialized cryo-electron microscopy unit.,1,Neutral,0.485129565000534,1,175000,0.2628571428571428,1,0,1,1,1,7,Medium,Basic Needs/Survival
L1507,33,Male,Truck Driver,76000,19000,Personal,662,3,Need capital to replace worn-out commercial safety chains and load-securing equipment.,0,Neutral,0.569222629070282,1,76000,0.25,1,2,1,2,2,15,High,Basic Needs/Survival
L1508,46,Female,HR Specialist,91000,22000,Home,750,1,Financing a major upgrade to the home's climate control and air filtration system.,1,Positive,0.506970226764679,1,91000,0.2417582417582417,0,0,1,1,0,5,Low,Personal/Lifestyle
L1509,20,Male,Student,22000,3500,Education,535,0,"I must pay my final semester fee immediately, or I lose my student standing. I have no other way to access this money.",0,Neutral,0.5870718359947205,1,22000,0.1590909090909091,1,3,0,0,1,13,High,Personal/Lifestyle
L1510,50,Female,Doctor,205000,55000,Medical,848,1,Funding the purchase of advanced diagnostic imaging software.,1,Neutral,0.5047930479049683,1,205000,0.2682926829268293,1,0,1,1,1,7,Medium,Business/Investment
L1511,39,Male,Real Estate Agent,98000,25000,Business,732,1,Capital for aggressive short-term marketing blitz on new luxury listings.,1,Neutral,0.6848388314247131,2,98000,0.2551020408163265,1,1,1,1,1,12,High,Personal/Lifestyle
L1512,64,Female,Retired,70000,11000,Personal,790,1,Covering costs for necessary home accessibility updates for aging in place.,1,Neutral,0.5053884983062744,1,70000,0.1571428571428571,1,0,0,1,2,6,Medium,Personal/Lifestyle
L1513,28,Male,Warehouse Worker,42000,9500,Education,615,1,Paying for a specialized certification in warehouse automation technology.,0,Neutral,0.4807015657424927,1,42000,0.2261904761904762,1,3,1,1,1,16,High,Personal/Lifestyle
L1514,43,Female,Project Manager,112000,28000,Education,780,1,Sponsoring my child's overseas academic exchange program.,1,Positive,0.5145155191421509,1,112000,0.25,0,0,1,1,1,6,Medium,Personal/Lifestyle
L1515,51,Male,Mechanic,72000,15000,Business,705,2,Need funds to purchase a heavy-duty tire service machine.,1,Neutral,0.6689962148666382,2,72000,0.2083333333333333,1,1,1,1,1,12,High,Basic Needs/Survival
L1516,26,Female,Barista,34000,6000,Personal,590,0,"My only working bicycle was stolen, and I need this to replace it so I can commute to my job. I feel helpless.",0,Very Negative,0.710106372833252,2,34000,0.1764705882352941,1,3,0,0,2,16,High,Personal/Lifestyle
L1517,47,Male,Firefighter,94000,23000,Home,740,2,Financing a major upgrade to the home's roofing materials for increased longevity.,1,Positive,0.533387303352356,1,94000,0.2446808510638297,0,1,1,1,0,8,Medium,Personal/Lifestyle
L1518,32,Female,Social Worker,60000,16000,Education,688,1,Funding specialized certification in trauma counseling for adolescents.,1,Neutral,0.491137683391571,1,60000,0.2666666666666666,1,2,1,1,1,13,High,Basic Needs/Survival
L1519,61,Male,Consultant,142000,25000,Personal,802,1,"Investment in a new, high-yield, low-risk bond fund.",1,Neutral,0.0134876128286123,0,142000,0.176056338028169,1,0,0,1,2,4,Low,Business/Investment
L1520,37,Female,Chef,69000,18000,Business,725,2,Need funds to purchase commercial baking ovens for a new product line.,1,Neutral,0.5738157629966736,1,69000,0.2608695652173913,1,1,1,1,1,10,Medium,Business/Investment
L1521,50,Male,Accountant,102000,26000,Home,775,2,Refinancing existing loan structure to consolidate for better long-term rates.,1,Neutral,0.4830427169799804,1,102000,0.2549019607843137,1,0,1,1,0,6,Medium,Business/Investment
L1522,25,Female,Receptionist,39000,8000,Personal,625,1,Helping my sibling cover the cost of an emergency car repair to keep their work route.,0,Neutral,0.5211469531059265,1,39000,0.2051282051282051,1,3,1,1,2,17,High,Personal/Lifestyle
L1523,55,Male,Engineer,165000,58000,Education,835,1,Sponsoring my child's specialized post-graduate medical training.,1,Neutral,0.5397226214408875,1,165000,0.3515151515151515,1,0,1,1,1,7,Medium,Personal/Lifestyle
L1524,30,Female,Sales Clerk,43000,10000,Medical,620,0,I need this money urgently to pay for a necessary surgery consultation; I'm in pain and worried about long-term effects.,0,Negative,0.8106445074081421,2,43000,0.2325581395348837,2,3,1,0,1,18,High,Personal/Lifestyle
L1525,41,Male,Pilot,162000,42000,Business,820,1,Acquisition of next-generation flight simulation software licenses.,1,Neutral,0.5239710211753845,1,162000,0.2592592592592592,1,0,1,1,1,7,Medium,Basic Needs/Survival
L1526,68,Female,Retired,62000,7000,Personal,778,1,"Covering costs for necessary home appliance replacements (e.g., refrigerator).",1,Neutral,0.4846634566783905,1,62000,0.1129032258064516,1,0,0,1,2,6,Medium,Basic Needs/Survival
L1527,22,Male,Tutor,33000,5000,Education,585,1,Purchasing specialized 3D modeling software for advanced tutoring subjects.,0,Neutral,0.4607095718383789,1,33000,0.1515151515151515,1,3,0,1,1,14,High,Personal/Lifestyle
L1528,38,Female,Lawyer,138000,38000,Home,805,1,Funds needed to cover closing costs on a significant office space acquisition.,1,Neutral,0.603646457195282,1,138000,0.2753623188405797,1,0,1,1,0,6,Medium,Business/Investment
L1529,45,Male,Driver,51000,13000,Personal,590,3,"My main delivery van needs a new transmission, and I can't work without it. I'm desperate to keep my income stream alive.",0,Negative,0.625605046749115,1,51000,0.2549019607843137,2,3,1,2,2,19,High,Personal/Lifestyle
L1530,52,Female,Doctor,220000,70000,Medical,850,1,Funding the purchase of a state-of-the-art robotic surgical unit.,1,Neutral,0.3682914972305298,1,220000,0.3181818181818182,1,0,1,1,1,7,Medium,Business/Investment
L1531,26,Male,Retail Manager,52000,16000,Business,678,2,Need capital for rapid expansion of inventory for the holiday season.,0,Neutral,0.6422843933105469,1,52000,0.3076923076923077,1,2,1,1,1,13,High,Basic Needs/Survival
L1532,60,Female,Accountant,106000,23000,Education,765,1,Paying off the final small student loan related to my accounting specialization.,1,Neutral,0.494421124458313,1,106000,0.2169811320754717,1,0,1,1,1,7,Medium,Personal/Lifestyle
L1533,33,Male,Electrician,82000,20000,Home,710,1,Financing the replacement of all exterior plumbing lines due to age.,1,Neutral,0.5368249416351318,1,82000,0.2439024390243902,1,1,1,1,0,9,Medium,Basic Needs/Survival
L1534,48,Female,Scientist,162000,44000,Business,822,1,Investment in proprietary drug delivery system research technology.,1,Neutral,0.5294982194900513,1,162000,0.2716049382716049,1,0,1,1,1,7,Medium,Business/Investment
L1535,21,Male,Dishwasher,24000,4500,Personal,522,0,"I have severe, unmanageable credit card debt and need this loan just to survive the next month without defaulting. I feel completely lost.",0,Very Negative,0.9953553676605223,2,24000,0.1875,1,3,0,0,2,16,High,Basic Needs/Survival
L1536,54,Female,Teacher,78000,18000,Medical,745,1,Covering costs for my spouse's specialized physical therapy program.,1,Neutral,0.5194739103317261,1,78000,0.2307692307692307,1,1,1,1,1,10,Medium,Personal/Lifestyle
L1537,36,Male,Software Developer,132000,36000,Personal,802,1,"Need liquidity to capitalize on a timely, low-risk stock market opportunity.",1,Neutral,0.0159247480332851,0,132000,0.2727272727272727,1,0,1,1,2,6,Medium,Business/Investment
L1538,44,Female,Manager,114000,28000,Home,782,1,Financing a major upgrade to the home's smart security and automation infrastructure.,1,Positive,0.5036983489990234,1,114000,0.2456140350877192,0,0,1,1,0,5,Low,Personal/Lifestyle
L1539,29,Male,Bartender,40000,9000,Education,615,0,"I need this for mandatory certification fees for a better job, but I have no savings left. I am truly struggling to get ahead.",0,Negative,0.5550235509872437,1,40000,0.225,2,3,1,0,1,16,High,Personal/Lifestyle
L1540,62,Female,Retired,76000,13000,Personal,792,1,Funding a sabbatical trip to tour historical sites in Europe.,1,Neutral,0.5227038264274597,1,76000,0.1710526315789473,1,0,0,1,2,6,Medium,Personal/Lifestyle
L1541,35,Male,Sales Manager,96000,24000,Business,735,1,Investment in advanced telecommunication infrastructure for remote sales teams.,1,Neutral,0.5436908006668091,1,96000,0.25,1,1,1,1,1,10,Medium,Business/Investment
L1542,24,Female,Clerk,33000,6500,Medical,602,0,I have a severe infection and need prescription antibiotics right now; my funds are completely depleted. I'm really scared about my health.,0,Very Negative,0.6703855991363525,2,33000,0.1969696969696969,1,3,0,0,1,15,High,Personal/Lifestyle
L1543,49,Male,Engineer,145000,48000,Home,818,1,"Securing financing for a large, custom-built infinity pool and outdoor area.",1,Neutral,0.5445333123207092,1,145000,0.3310344827586207,1,0,1,1,0,6,Medium,Business/Investment
L1544,57,Female,HR Director,128000,32000,Education,800,1,Sponsoring advanced leadership coaching sessions for executive staff.,1,Neutral,0.4657529294490814,1,128000,0.25,1,0,1,1,1,7,Medium,Personal/Lifestyle
L1545,32,Male,Truck Driver,74000,18000,Personal,672,3,Need funds to cover mandatory annual DOT commercial license renewal fees.,0,Neutral,0.559243381023407,1,74000,0.2432432432432432,1,2,1,2,2,15,High,Basic Needs/Survival
L1546,46,Female,Nurse,89000,21000,Medical,748,1,Funding specialized certification in critical care transport.,1,Neutral,0.4489220678806305,1,89000,0.2359550561797752,1,1,1,1,1,10,Medium,Basic Needs/Survival
L1547,20,Male,Security Guard,28000,4500,Education,540,0,"I need this money to pay for my final course materials before the deadline, or I won't graduate. I am totally out of options.",0,Negative,0.5821235775947571,1,28000,0.1607142857142857,2,3,0,0,1,14,High,Personal/Lifestyle
L1548,64,Female,Professor,120000,16000,Business,795,1,Small capital needed to fund a visiting scholar lecture series.,1,Neutral,0.4857746064662933,1,120000,0.1333333333333333,1,0,0,1,1,5,Low,Business/Investment
L1549,39,Male,Mechanic,68000,18000,Home,695,3,Emergency replacement required for the main sewer line connection to the city system.,0,Neutral,0.540328860282898,1,68000,0.2647058823529412,1,2,1,2,0,13,High,Basic Needs/Survival
L1550,47,Female,Accountant,104000,27000,Education,778,1,Financing specialized training in international corporate auditing.,1,Neutral,0.5151607394218445,1,104000,0.2596153846153846,1,0,1,1,1,7,Medium,Business/Investment
L1551,27,Male,Warehouse Associate,42000,10000,Personal,610,2,Need to pay off a collection agency debt before it impacts my ability to rent a decent place. Trying to improve my standing.,0,Negative,0.6407173275947571,1,42000,0.238095238095238,2,3,1,1,2,18,High,Personal/Lifestyle
L1552,51,Female,Executive,195000,52000,Home,842,1,Securing financing for the down payment on a luxury vacation condominium.,1,Neutral,0.5221922397613525,1,195000,0.2666666666666666,1,0,1,1,0,6,Medium,Personal/Lifestyle
L1553,34,Male,Data Entry Clerk,46000,8500,Education,640,1,Paying for a professional certification exam in cloud architecture.,0,Neutral,0.4944433867931366,1,46000,0.1847826086956521,1,3,0,1,1,14,High,Personal/Lifestyle
L1554,59,Female,Manager,122000,29000,Business,785,1,Acquisition of advanced inventory control software for multi-site management.,1,Neutral,0.4840591847896576,1,122000,0.2377049180327868,1,0,1,1,1,7,Medium,Business/Investment
L1555,23,Male,Waiter,31000,6500,Personal,580,1,"Need funds to cover the security deposit and first month's rent on a new, better apartment.",0,Negative,0.5401974320411682,1,31000,0.2096774193548387,2,3,1,1,2,18,High,Personal/Lifestyle
L1556,42,Female,Librarian,60000,14000,Medical,725,2,Covering costs for my spouse's specialized dermatological treatment.,1,Neutral,0.5433081984519958,1,60000,0.2333333333333333,1,1,1,1,1,10,Medium,Personal/Lifestyle
L1557,46,Male,Sales Director,118000,35000,Home,810,1,Financing the installation of a high-efficiency whole-house ventilation system.,1,Neutral,0.4984206557273865,1,118000,0.2966101694915254,1,0,1,1,0,6,Medium,Personal/Lifestyle
L1558,31,Female,Nurse,75000,16000,Education,750,1,Paying for advanced certification in cardiovascular nursing.,1,Neutral,0.4589004814624786,1,75000,0.2133333333333333,1,0,1,1,1,7,Medium,Personal/Lifestyle
L1559,53,Male,Scientist,168000,46000,Business,825,1,Purchasing new biological assay testing equipment.,1,Neutral,0.5329811573028564,1,168000,0.2738095238095238,1,0,1,1,1,7,Medium,Basic Needs/Survival
L1560,28,Female,Graphic Designer,68000,15000,Personal,700,2,Need funds to cover unexpected attorney fees related to a contractual dispute.,1,Neutral,0.6155818700790405,1,68000,0.2205882352941176,1,1,1,1,2,11,High,Basic Needs/Survival
L1561,66,Male,Retired,80000,10000,Medical,812,1,Covering ongoing costs for specialized physiotherapy sessions.,1,Neutral,0.5550786256790161,1,80000,0.125,1,0,0,1,1,5,Low,Personal/Lifestyle
L1562,37,Female,Teacher,71000,19000,Education,735,1,Funding advanced coursework in early childhood literacy development.,1,Neutral,0.4788968861103058,1,71000,0.2676056338028169,1,1,1,1,1,10,Medium,Basic Needs/Survival
L1563,40,Male,Accountant,99000,24000,Home,765,2,Need funds for an emergency replacement of the main septic tank.,0,Neutral,0.6607136726379395,2,99000,0.2424242424242424,1,0,1,1,0,8,Medium,Basic Needs/Survival
L1564,22,Female,Receptionist,36000,5500,Personal,592,0,I am completely out of cash and need this to pay my electric bill; I risk losing power. I am in a bad situation.,0,Very Negative,0.9895023107528688,2,36000,0.1527777777777778,1,3,0,0,2,16,High,Basic Needs/Survival
L1565,50,Male,Engineer,142000,44000,Business,812,1,Acquisition of proprietary software for advanced structural analysis.,1,Neutral,0.5283313393592834,1,142000,0.3098591549295774,1,0,1,1,1,7,Medium,Basic Needs/Survival
L1566,45,Female,HR Manager,106000,21000,Education,775,1,Sponsoring specialized leadership training for mid-level management staff.,1,Neutral,0.4822239279747009,1,106000,0.1981132075471698,1,0,0,1,1,5,Low,Personal/Lifestyle
L1567,33,Male,Construction Worker,60000,17000,Personal,645,3,Need funds to cover the cost of hiring specialized labor for a complex framing job.,0,Neutral,0.6025395393371582,1,60000,0.2833333333333333,1,3,1,2,2,18,High,Business/Investment
L1568,58,Female,Administrator,90000,19000,Medical,760,2,Covering costs for an intensive rehabilitation program for an injury.,1,Neutral,0.6862366199493408,2,90000,0.2111111111111111,1,0,1,1,1,9,Medium,Basic Needs/Survival
L1569,25,Male,Electrician Apprentice,42000,13000,Business,635,0,"I relied on a very large, unstable client for income, and they pulled out; now I can't cover my overhead. I'm really struggling.",0,Very Negative,0.828684389591217,2,42000,0.3095238095238095,1,3,1,0,1,17,High,Business/Investment
L1570,48,Female,Doctor,235000,72000,Home,858,1,Financing the installation of a commercial-grade home security and surveillance network.,1,Neutral,0.4876425862312317,1,235000,0.3063829787234042,1,0,1,1,0,6,Medium,Business/Investment
L1571,30,Male,Software Engineer,125000,34000,Education,795,1,Aggressively paying down the final installment of my business technology degree.,1,Negative,0.5622531175613403,1,125000,0.272,2,0,1,1,1,8,Medium,Business/Investment
L1572,61,Female,Retired,58000,8000,Personal,770,1,Funding an annual membership renewal for an exclusive travel club.,1,Neutral,0.5154115557670593,1,58000,0.1379310344827586,1,0,0,1,2,6,Medium,Personal/Lifestyle
L1573,21,Male,Security Guard,29000,6000,Personal,550,0,"I have multiple payday loans coming due this week, and I need this cash to avoid immediate default. I'm terrified of the consequences.",0,Very Negative,0.5905608534812927,1,29000,0.2068965517241379,1,3,1,0,2,16,High,Personal/Lifestyle
L1574,44,Female,Teacher,80000,18000,Medical,750,1,Covering costs for my child's specialized learning therapy.,1,Neutral,0.5358163118362427,1,80000,0.225,1,0,1,1,1,7,Medium,Personal/Lifestyle
L1575,38,Male,Truck Driver,84000,22000,Home,675,3,Need funds for emergency replacement of the main water heater system.,0,Neutral,0.644241213798523,1,84000,0.2619047619047619,1,2,1,2,0,13,High,Basic Needs/Survival
L1576,52,Female,Financial Analyst,162000,42000,Business,820,1,Investment in advanced automated stock trading algorithms.,1,Neutral,0.5026014447212219,1,162000,0.2592592592592592,1,0,1,1,1,7,Medium,Business/Investment
L1577,28,Male,Photographer,50000,11000,Education,660,1,Purchasing necessary professional liability insurance for the next year of work.,0,Neutral,0.4831544756889343,1,50000,0.22,1,2,1,1,1,13,High,Personal/Lifestyle
L1578,55,Female,Manager,115000,25000,Personal,800,1,Funding a major investment in personal financial advisory services.,1,Neutral,0.5449795126914978,1,115000,0.217391304347826,1,0,1,1,2,8,Medium,Personal/Lifestyle
L1579,32,Male,Carpenter,65000,16000,Home,695,2,"Replacing old, inefficient exterior railings and decking for safety.",1,Neutral,0.5144220590591431,1,65000,0.2461538461538461,1,2,1,1,0,12,High,Basic Needs/Survival
L1580,49,Female,Nurse,98000,24000,Medical,768,1,Financing advanced certification in critical trauma surgery support.,1,Neutral,0.4954131245613098,1,98000,0.2448979591836734,1,0,1,1,1,7,Medium,Basic Needs/Survival
L1581,24,Male,Fast Food Worker,27000,4500,Personal,550,0,I am short on rent this month and face potential eviction; I have nowhere else to turn for help.,0,Negative,0.5910494327545166,1,27000,0.1666666666666666,2,3,0,0,2,15,High,Basic Needs/Survival
L1582,60,Female,Librarian,70000,12000,Education,755,1,Funding a major digital cataloging project for historical archives.,1,Neutral,0.4986964464187622,1,70000,0.1714285714285714,1,0,0,1,1,5,Low,Personal/Lifestyle
L1583,36,Male,Sales Representative,88000,21000,Business,725,1,Need capital to hire a specialized B2B sales team for expansion.,1,Neutral,0.5842865705490112,1,88000,0.2386363636363636,1,1,1,1,1,10,Medium,Business/Investment
L1584,41,Female,Accountant,102000,26000,Home,778,2,Financing a major upgrade to the home's attic insulation and ventilation.,1,Positive,0.5168123245239258,1,102000,0.2549019607843137,0,0,1,1,0,5,Low,Personal/Lifestyle
L1585,29,Male,Bartender,41000,9000,Personal,610,0,I need this money to pay off a threatening debt collector regarding an old medical bill. I'm genuinely distressed.,0,Very Negative,0.6445688009262085,1,41000,0.2195121951219512,1,3,1,0,2,16,High,Personal/Lifestyle
L1586,53,Female,Professor,128000,38000,Education,815,1,Funding a major multi-year sociological research project.,1,Neutral,0.4977565109729767,1,128000,0.296875,1,0,1,1,1,7,Medium,Basic Needs/Survival
L1587,47,Male,Pilot,190000,54000,Business,832,1,Acquisition of advanced weather radar systems for private fleet.,1,Neutral,0.510923445224762,1,190000,0.2842105263157894,1,0,1,1,1,7,Medium,Basic Needs/Survival
L1588,35,Female,Software Developer,118000,32000,Personal,790,1,Need short-term capital to cover a brief period of self-employment income gap.,1,Neutral,0.5342434048652649,1,118000,0.2711864406779661,1,0,1,1,2,8,Medium,Business/Investment
L1589,23,Male,Delivery Driver,35000,7500,Medical,600,1,Covering the cost of urgent physical therapy following a non-work-related injury.,0,Neutral,0.5160166621208191,1,35000,0.2142857142857142,1,3,1,1,1,16,High,Personal/Lifestyle
L1590,56,Female,Doctor,230000,75000,Home,855,1,"Financing a major expansion of the main residence, adding a master suite.",1,Neutral,0.5055893659591675,1,230000,0.3260869565217391,1,0,1,1,0,6,Medium,Personal/Lifestyle
L1591,30,Male,Graphic Designer,68000,17000,Business,705,2,Need to hire specialized SEO experts to boost online portfolio visibility.,1,Neutral,0.5401676297187805,1,68000,0.25,1,1,1,1,1,10,Medium,Business/Investment
L1592,62,Female,Retired,65000,9000,Medical,782,1,Covering costs for ongoing specialized nutritional supplements.,1,Neutral,0.54266357421875,1,65000,0.1384615384615384,1,0,0,1,1,5,Low,Basic Needs/Survival
L1593,38,Male,Accountant,97000,22000,Education,760,1,Paying for advanced data analytics certification for compliance.,1,Neutral,0.4490882158279419,1,97000,0.2268041237113402,1,0,1,1,1,7,Medium,Personal/Lifestyle
L1594,26,Female,Retail Associate,41000,10000,Personal,630,0,I have maxed out my primary credit card and need this to cover the minimum payment before fees hit. I feel like I'm drowning.,0,Negative,0.4775737226009369,1,41000,0.2439024390243902,2,3,1,0,2,17,High,Personal/Lifestyle
L1595,49,Male,Engineer,150000,46000,Business,822,1,Investment in next-generation composite material fabrication machinery.,1,Neutral,0.5550515055656433,1,150000,0.3066666666666666,1,0,1,1,1,7,Medium,Business/Investment
L1596,54,Female,Manager,118000,27000,Home,795,1,Financing a major upgrade to the home's underground drainage and landscaping.,1,Positive,0.5156626105308533,1,118000,0.2288135593220339,0,0,1,1,0,5,Low,Personal/Lifestyle
L1597,31,Male,Plumber,73000,15000,Personal,690,2,Need funds to cover the cost of emergency locksmith services and rekeying after a break-in.,0,Neutral,0.5754859447479248,1,73000,0.2054794520547945,1,2,1,1,2,14,High,Basic Needs/Survival
L1598,42,Female,Teacher,75000,16000,Education,740,1,Funding specialized robotics programming workshops for high school students.,1,Neutral,0.4409843385219574,1,75000,0.2133333333333333,1,1,1,1,1,10,Medium,Personal/Lifestyle
L1599,25,Male,Cashier,32000,7000,Medical,588,0,"I need money immediately for an emergency root canal; the pain is debilitating, and I can't work without treatment.",0,Negative,0.9710979461669922,2,32000,0.21875,2,3,1,0,1,18,High,Personal/Lifestyle
L1600,57,Female,Scientist,178000,48000,Business,835,1,Acquisition of advanced genomic sequencing hardware.,1,Neutral,0.5101975798606873,1,178000,0.2696629213483146,1,0,1,1,1,7,Medium,Basic Needs/Survival
L1601,33,Male,Truck Driver,78000,20000,Personal,668,3,Need capital to cover unexpected increased fuel surcharges for my long-haul routes.,0,Negative,0.8243125081062317,2,78000,0.2564102564102564,2,2,1,2,2,18,High,Basic Needs/Survival
L1602,46,Female,HR Specialist,93000,23000,Home,755,1,Financing a major upgrade to the home's exterior deck and patio.,1,Positive,0.4917010962963104,1,93000,0.2473118279569892,0,0,1,1,0,5,Low,Personal/Lifestyle
L1603,20,Male,Student,23000,4000,Education,540,0,I must pay my final course tuition immediately or I lose my scholarship; I have no other recourse.,0,Neutral,0.5861907601356506,1,23000,0.1739130434782608,1,3,0,0,1,13,High,Basic Needs/Survival
L1604,50,Female,Doctor,210000,58000,Medical,850,1,Funding the purchase of a high-resolution ultrasound machine for early detection.,1,Neutral,0.4845577776432037,1,210000,0.2761904761904762,1,0,1,1,1,7,Medium,Business/Investment
L1605,39,Male,Real Estate Agent,100000,26000,Business,735,1,Capital for aggressive digital marketing targeting prime commercial real estate.,1,Neutral,0.5700933337211609,1,100000,0.26,1,1,1,1,1,10,Medium,Business/Investment
L1606,64,Female,Retired,72000,12000,Personal,795,1,Covering costs for necessary in-home computer system overhaul for better security.,1,Neutral,0.5273782014846802,1,72000,0.1666666666666666,1,0,0,1,2,6,Medium,Personal/Lifestyle
L1607,28,Male,Warehouse Worker,43000,10000,Education,620,1,Paying for specialized HAZMAT handling certification required for a higher-paying shift.,0,Neutral,0.5155261158943176,1,43000,0.2325581395348837,1,3,1,1,1,16,High,Personal/Lifestyle
L1608,43,Female,Project Manager,115000,29000,Education,785,1,Sponsoring my child's specialized international language immersion program.,1,Neutral,0.5087862014770508,1,115000,0.2521739130434782,1,0,1,1,1,7,Medium,Personal/Lifestyle
L1609,51,Male,Mechanic,74000,16000,Business,710,2,Need funds to purchase a high-capacity industrial lift for large vehicle servicing.,1,Neutral,0.6759508848190308,2,74000,0.2162162162162162,1,1,1,1,1,12,High,Business/Investment
L1610,26,Female,Barista,35000,6500,Personal,590,0,"My primary means of transportation (scooter) was stolen, and I need funds to replace it immediately to keep my job.",0,Negative,0.675177812576294,2,35000,0.1857142857142857,2,3,0,0,2,17,High,Personal/Lifestyle
L1611,47,Male,Firefighter,95000,24000,Home,745,2,Financing a major upgrade to the home's outdoor drainage and irrigation.,1,Positive,0.5082551836967468,1,95000,0.2526315789473684,0,1,1,1,0,8,Medium,Personal/Lifestyle
L1612,32,Female,Social Worker,61000,17000,Education,692,1,Funding specialized training in conflict resolution for community services.,1,Neutral,0.603224515914917,1,61000,0.2786885245901639,1,2,1,1,1,13,High,Basic Needs/Survival
L1613,61,Male,Consultant,145000,26000,Personal,805,1,"Investment in a high-yield, short-term corporate bond offering.",1,Neutral,0.6077463030815125,1,145000,0.1793103448275862,1,0,0,1,2,6,Medium,Business/Investment
L1614,37,Female,Chef,71000,19000,Business,730,2,Need funds to purchase a commercial blast freezer for food preservation.,1,Neutral,0.641059160232544,1,71000,0.2676056338028169,1,1,1,1,1,10,Medium,Basic Needs/Survival
L1615,50,Male,Accountant,104000,27000,Home,780,2,Refinancing a portion of the mortgage to free up capital for investment.,1,Neutral,0.5036662220954895,1,104000,0.2596153846153846,1,0,1,1,0,6,Medium,Business/Investment
L1616,25,Female,Receptionist,40000,8500,Personal,630,1,Helping my sibling cover urgent medical transport fees so they can keep their essential job.,0,Neutral,0.5130171179771423,1,40000,0.2125,1,3,1,1,2,17,High,Personal/Lifestyle
L1617,55,Male,Engineer,168000,60000,Education,840,1,Sponsoring my child's entire final year of medical school tuition.,1,Positive,0.5492947697639465,1,168000,0.3571428571428571,0,0,1,1,1,6,Medium,Personal/Lifestyle
L1618,30,Female,Sales Clerk,44000,10500,Medical,625,0,I need this money for essential prescription refills that I've had to skip due to lack of funds. I am truly struggling.,0,Negative,0.5715652108192444,1,44000,0.2386363636363636,2,3,1,0,1,16,High,Basic Needs/Survival
L1619,41,Male,Pilot,165000,44000,Business,822,1,Acquisition of advanced flight path optimization software.,1,Neutral,0.4799590706825256,1,165000,0.2666666666666666,1,0,1,1,1,7,Medium,Basic Needs/Survival
L1620,68,Female,Retired,64000,8000,Personal,782,1,Covering costs for necessary home technology upgrades for remote communication.,1,Neutral,0.5431347489356995,1,64000,0.125,1,0,0,1,2,6,Medium,Personal/Lifestyle
L1621,22,Male,Tutor,34000,5500,Education,590,1,Purchasing specialized advanced tutoring materials for high-level clients.,0,Neutral,0.5227093696594238,1,34000,0.1617647058823529,1,3,0,1,1,14,High,Business/Investment
L1622,38,Female,Lawyer,140000,40000,Home,808,1,Funds needed to cover closing costs on a significant commercial property purchase.,1,Neutral,0.6211190223693848,1,140000,0.2857142857142857,1,0,1,1,0,6,Medium,Business/Investment
L1623,45,Male,Driver,52000,14000,Personal,595,3,My main work vehicle needs an immediate engine overhaul; I can't earn without it. I'm desperate for this loan.,0,Negative,0.5885195136070251,1,52000,0.2692307692307692,2,3,1,2,2,19,High,Personal/Lifestyle
L1624,52,Female,Doctor,225000,72000,Medical,852,1,Funding the purchase of a high-resolution digital pathology scanner.,1,Neutral,0.497156411409378,1,225000,0.32,1,0,1,1,1,7,Medium,Personal/Lifestyle
L1625,26,Male,Retail Manager,53000,17000,Business,682,2,Need capital for specialized display cases to showcase high-value items.,0,Neutral,0.5846841931343079,1,53000,0.320754716981132,1,2,1,1,1,13,High,Business/Investment
L1626,60,Female,Accountant,108000,24000,Education,770,1,Paying off the final installment of my advanced certification debt.,1,Neutral,0.5285830497741699,1,108000,0.2222222222222222,1,0,1,1,1,7,Medium,Personal/Lifestyle
L1627,33,Male,Electrician,84000,21000,Home,715,1,Financing the replacement of the main electrical service panel for safety reasons.,1,Neutral,0.4232824742794037,1,84000,0.25,1,1,1,1,0,9,Medium,Basic Needs/Survival
L1628,48,Female,Scientist,165000,46000,Business,825,1,Investment in proprietary robotic automation for lab processes.,1,Neutral,0.4680050611495971,1,165000,0.2787878787878788,1,0,1,1,1,7,Medium,Business/Investment
L1629,21,Male,Dishwasher,25000,5000,Personal,528,0,"I have severe, unmanageable credit card debt and need this cash to stop the cycle of penalties. I feel hopeless.",0,Very Negative,0.9505864977836608,2,25000,0.2,1,3,0,0,2,16,High,Basic Needs/Survival
L1630,54,Female,Teacher,80000,19000,Medical,750,1,Covering costs for my spouse's specialized physical therapy program.,1,Neutral,0.5194739103317261,1,80000,0.2375,1,0,1,1,1,7,Medium,Personal/Lifestyle
L1631,36,Male,Software Developer,135000,38000,Personal,805,1,Need liquidity to exercise stock options before the expiration date.,1,Neutral,0.5446881055831909,1,135000,0.2814814814814815,1,0,1,1,2,8,Medium,Business/Investment
L1632,44,Female,Manager,116000,29000,Home,782,1,Financing a major upgrade to the home's pool and surrounding hardscaping.,1,Positive,0.5528194308280945,1,116000,0.25,0,0,1,1,0,5,Low,Personal/Lifestyle
L1633,29,Male,Bartender,41000,9500,Education,620,0,"I need this for a mandatory safety deposit for a shared housing situation, but my income is unstable. I'm in a bind.",0,Negative,0.5834774374961853,1,41000,0.2317073170731707,2,3,1,0,1,16,High,Personal/Lifestyle
L1634,62,Female,Retired,78000,14000,Personal,795,1,Funding a significant upgrade to my home office technology suite.,1,Positive,0.5163143277168274,1,78000,0.1794871794871795,0,0,0,1,2,5,Low,Personal/Lifestyle
L1635,35,Male,Sales Manager,98000,25000,Business,740,1,Investment in a new CRM system for improved client management.,1,Neutral,0.4760363698005676,1,98000,0.2551020408163265,1,1,1,1,1,10,Medium,Business/Investment
L1636,24,Female,Clerk,34000,7000,Medical,605,0,I need this money for a critical dental consultation that I can't afford; I'm in pain and worried about complications.,0,Negative,0.8696848154067993,2,34000,0.2058823529411764,2,3,1,0,1,18,High,Personal/Lifestyle
L1637,49,Male,Engineer,148000,50000,Home,820,1,"Securing financing for the construction of a large, energy-efficient guest house.",1,Neutral,0.5086438059806824,1,148000,0.3378378378378378,1,0,1,1,0,6,Medium,Business/Investment
L1638,57,Female,HR Director,130000,34000,Education,802,1,Sponsoring travel and lodging for an important industry leadership retreat.,1,Neutral,0.4953478574752807,1,130000,0.2615384615384615,1,0,1,1,1,7,Medium,Business/Investment
L1639,32,Male,Truck Driver,76000,19000,Personal,678,3,"Need funds to cover unexpected, high-cost repairs to my trailer's suspension system.",0,Negative,0.8979156017303467,2,76000,0.25,2,2,1,2,2,18,High,Basic Needs/Survival
L1640,46,Female,Nurse,91000,22000,Medical,752,1,Funding specialized certification in pediatric oncology nursing.,1,Neutral,0.4035801887512207,1,91000,0.2417582417582417,1,0,1,1,1,7,Medium,Basic Needs/Survival
L1641,20,Male,Security Guard,29000,5000,Education,545,0,"I need this money to pay for my final required certification exam, or I can't get the job I was offered. I am desperate for this opportunity.",0,Negative,0.591497540473938,1,29000,0.1724137931034483,2,3,0,0,1,14,High,Personal/Lifestyle
L1642,64,Female,Professor,122000,17000,Business,798,1,Small capital needed to host a specialized visiting researcher for three months.,1,Neutral,0.5734109282493591,1,122000,0.1393442622950819,1,0,0,1,1,5,Low,Basic Needs/Survival
L1643,39,Male,Mechanic,70000,19000,Home,700,3,Emergency replacement of the main electrical breaker panel due to age and corrosion.,0,Neutral,0.6079952120780945,1,70000,0.2714285714285714,1,1,1,2,0,10,Medium,Basic Needs/Survival
L1644,47,Female,Accountant,106000,28000,Education,780,1,Financing advanced training in cryptocurrency tax law compliance.,1,Neutral,0.5255085825920105,1,106000,0.2641509433962264,1,0,1,1,1,7,Medium,Business/Investment
L1645,27,Male,Warehouse Associate,43000,10500,Personal,615,2,Need to clear a high-interest credit card debt before the interest compounds further. Trying to get back on track.,0,Negative,0.6181503534317017,1,43000,0.2441860465116279,2,3,1,1,2,18,High,Personal/Lifestyle
L1646,51,Female,Executive,200000,55000,Home,845,1,Securing financing for the down payment on a high-potential commercial land purchase.,1,Neutral,0.6158631443977356,1,200000,0.275,1,0,1,1,0,6,Medium,Business/Investment
L1647,34,Male,Data Entry Clerk,47000,9000,Education,645,1,Paying for a professional certification in advanced database management.,0,Neutral,0.4940167069435119,1,47000,0.1914893617021276,1,3,0,1,1,14,High,Personal/Lifestyle
L1648,59,Female,Manager,124000,30000,Business,790,1,Acquisition of advanced supply chain logistics software.,1,Neutral,0.5027058124542236,1,124000,0.2419354838709677,1,0,1,1,1,7,Medium,Basic Needs/Survival
L1649,23,Male,Waiter,32000,7000,Personal,585,1,"Need funds to cover moving expenses and deposits for a new, better apartment located closer to my restaurant job.",0,Negative,0.5873501896858215,1,32000,0.21875,2,3,1,1,2,18,High,Personal/Lifestyle
L1650,42,Female,Librarian,61000,15000,Medical,730,2,Covering costs for specialized physical therapy for an ongoing mobility issue.,1,Neutral,0.5287184119224548,1,61000,0.2459016393442623,1,1,1,1,1,10,Medium,Personal/Lifestyle
L1651,46,Male,Sales Director,120000,37000,Home,812,1,"Financing the installation of a high-efficiency, multi-zone HVAC system.",1,Neutral,0.5055918097496033,1,120000,0.3083333333333333,1,0,1,1,0,6,Medium,Business/Investment
L1652,31,Female,Nurse,77000,17000,Education,755,1,Paying for advanced leadership workshops in nursing management.,1,Neutral,0.5017836093902588,1,77000,0.2207792207792207,1,0,1,1,1,7,Medium,Personal/Lifestyle
L1653,53,Male,Scientist,170000,48000,Business,828,1,Purchasing new microscopy and cell analysis equipment.,1,Neutral,0.4925988912582397,1,170000,0.2823529411764706,1,0,1,1,1,7,Medium,Basic Needs/Survival
L1654,28,Female,Graphic Designer,70000,16000,Personal,705,2,Need funds to cover attorney fees related to a complex freelance contract negotiation.,1,Neutral,0.6387918591499329,1,70000,0.2285714285714285,1,1,1,1,2,11,High,Personal/Lifestyle
L1655,66,Male,Retired,82000,11000,Medical,815,1,Covering costs for annual comprehensive health screening package.,1,Neutral,0.4890603423118591,1,82000,0.1341463414634146,1,0,0,1,1,5,Low,Personal/Lifestyle
L1656,37,Female,Teacher,72000,20000,Education,740,1,Funding a specialized summer institute focused on curriculum innovation.,1,Neutral,0.4612188935279846,1,72000,0.2777777777777778,1,1,1,1,1,10,Medium,Personal/Lifestyle
L1657,40,Male,Accountant,101000,25000,Home,770,2,Need funds for emergency restoration of a collapsed section of the retaining wall.,0,Neutral,0.6437453031539917,1,101000,0.2475247524752475,1,0,1,1,0,6,Medium,Basic Needs/Survival
L1658,22,Female,Receptionist,37000,6000,Personal,598,0,I am facing utility shutoff due to overdue bills and desperately need this cash to keep the power on. I feel trapped.,0,Negative,0.9848788976669312,2,37000,0.1621621621621621,2,3,0,0,2,17,High,Basic Needs/Survival
L1659,50,Male,Engineer,145000,46000,Business,815,1,Acquisition of a proprietary system for structural integrity monitoring.,1,Neutral,0.5367575883865356,1,145000,0.3172413793103448,1,0,1,1,1,7,Medium,Basic Needs/Survival
L1660,45,Female,HR Manager,108000,22000,Education,780,1,Sponsoring employee attendance at a major national HR compliance conference.,1,Neutral,0.4727362990379333,1,108000,0.2037037037037037,1,0,1,1,1,7,Medium,Personal/Lifestyle
L1661,33,Male,Construction Worker,62000,18000,Personal,650,3,"Need funds to cover unexpected, high material costs on a custom home build.",0,Neutral,0.9548507928848268,2,62000,0.2903225806451613,1,2,1,2,2,17,High,Personal/Lifestyle
L1662,58,Female,Administrator,92000,20000,Medical,765,2,Covering costs for an extended rehabilitation program following minor surgery.,1,Neutral,0.5200762152671814,1,92000,0.217391304347826,1,0,1,1,1,7,Medium,Personal/Lifestyle
L1663,25,Male,Electrician Apprentice,44000,14000,Business,640,0,I took a large risk on ordering specialized inventory that hasn't sold yet; I need this to cover overhead. I feel really nervous.,0,Negative,0.8481075167655945,2,44000,0.3181818181818182,2,3,1,0,1,18,High,Basic Needs/Survival
L1664,48,Female,Doctor,240000,75000,Home,860,1,"Financing the installation of a high-end, commercial-grade exterior lighting and security system.",1,Neutral,0.491950124502182,1,240000,0.3125,1,0,1,1,0,6,Medium,Business/Investment
L1665,30,Male,Software Engineer,128000,36000,Education,798,1,Aggressively paying off the final segment of my software development master's degree.,1,Negative,0.6071315407752991,1,128000,0.28125,2,0,1,1,1,8,Medium,Personal/Lifestyle
L1666,61,Female,Retired,60000,9000,Personal,775,1,Funding a trip to visit family overseas for an extended period.,1,Neutral,0.4936234354972839,1,60000,0.15,1,0,0,1,2,6,Medium,Personal/Lifestyle
L1667,21,Male,Security Guard,30000,6500,Personal,555,0,I have accumulated significant debt from a co-signed loan that went bad; I need this cash to avoid immediate default. I am completely desperate.,0,Very Negative,0.7059922218322754,2,30000,0.2166666666666666,1,3,1,0,2,18,High,Basic Needs/Survival
L1668,44,Female,Teacher,82000,19000,Medical,755,1,Covering costs for my child's specialized academic support services.,1,Neutral,0.5349226593971252,1,82000,0.2317073170731707,1,0,1,1,1,7,Medium,Personal/Lifestyle
L1669,38,Male,Truck Driver,86000,23000,Home,680,3,Need funds for emergency replacement of the entire roof structure due to sudden hail damage.,0,Neutral,0.6588882803916931,1,86000,0.2674418604651162,1,2,1,2,0,13,High,Basic Needs/Survival
L1670,52,Female,Financial Analyst,165000,44000,Business,822,1,Investment in a high-growth emerging market equity portfolio.,1,Neutral,0.6214467287063599,1,165000,0.2666666666666666,1,0,1,1,1,7,Medium,Business/Investment
L1671,28,Male,Photographer,51000,11500,Education,665,1,Purchasing specialized drone photography equipment for aerial mapping contracts.,0,Neutral,0.5176856517791748,1,51000,0.2254901960784313,1,2,1,1,1,13,High,Personal/Lifestyle
L1672,55,Female,Manager,118000,26000,Personal,800,1,"Funding a significant, high-value investment in rare collectibles.",1,Positive,0.8679023385047913,2,118000,0.2203389830508474,0,0,1,1,2,9,Medium,Business/Investment
L1673,32,Male,Carpenter,67000,17000,Home,700,2,"Replacing old, inefficient exterior fencing with durable, modern materials.",1,Neutral,0.5301117897033691,1,67000,0.2537313432835821,1,1,1,1,0,9,Medium,Basic Needs/Survival
L1674,49,Female,Nurse,100000,25000,Medical,772,1,Financing advanced certification in pediatric critical care management.,1,Neutral,0.4430159032344818,1,100000,0.25,1,0,1,1,1,7,Medium,Basic Needs/Survival
L1675,24,Male,Fast Food Worker,28000,4500,Personal,555,0,I need this money urgently to cover overdue utility bills; I risk losing heat. I am completely out of options.,0,Very Negative,0.8917285799980164,2,28000,0.1607142857142857,1,3,0,0,2,16,High,Basic Needs/Survival
L1676,60,Female,Librarian,71000,13000,Education,758,1,Funding a major book acquisition for the local public library system.,1,Neutral,0.51148921251297,1,71000,0.1830985915492957,1,0,0,1,1,5,Low,Business/Investment
L1677,36,Male,Sales Representative,90000,22000,Business,730,1,Need capital for upgrading our entire telecommunications infrastructure.,1,Neutral,0.6413070559501648,1,90000,0.2444444444444444,1,1,1,1,1,10,Medium,Basic Needs/Survival
L1678,41,Female,Accountant,104000,27000,Home,780,2,Financing a major upgrade to the home's security and smart access systems.,1,Positive,0.5131784677505493,1,104000,0.2596153846153846,0,0,1,1,0,5,Low,Personal/Lifestyle
L1679,29,Male,Bartender,42000,9500,Personal,615,0,I have accumulated significant debt from a failed business venture and need this to stop collection calls. I feel truly trapped.,0,Very Negative,0.7046529650688171,2,42000,0.2261904761904762,1,3,1,0,2,18,High,Business/Investment
L1680,53,Female,Professor,130000,39000,Education,818,1,Funding a multi-year research grant focused on sustainable urban planning.,1,Neutral,0.4257674813270569,1,130000,0.3,1,0,1,1,1,7,Medium,Business/Investment
L1681,47,Male,Pilot,195000,56000,Business,835,1,"Acquisition of advanced, proprietary navigation mapping data.",1,Neutral,0.5294731259346008,1,195000,0.2871794871794871,1,0,1,1,1,7,Medium,Basic Needs/Survival
L1682,35,Female,Software Developer,120000,34000,Personal,790,1,Need short-term funds to cover a capital gains tax liability realized recently.,1,Neutral,0.5459503531455994,1,120000,0.2833333333333333,1,0,1,1,2,8,Medium,Business/Investment
L1683,23,Male,Delivery Driver,36000,8000,Medical,605,1,Covering the cost of an urgent specialist consultation for a nagging injury that affects driving.,0,Neutral,0.5937588810920715,1,36000,0.2222222222222222,1,3,1,1,1,16,High,Basic Needs/Survival
L1684,56,Female,Doctor,230000,78000,Home,858,1,"Financing a large, professionally designed addition to the home for long-term value.",1,Positive,0.4510502219200134,1,230000,0.3391304347826087,0,0,1,1,0,5,Low,Business/Investment
L1685,30,Male,Graphic Designer,70000,18000,Business,710,2,Need to hire a high-end video production team for a crucial client campaign.,1,Neutral,0.6639606356620789,2,70000,0.2571428571428571,1,1,1,1,1,12,High,Business/Investment
L1686,62,Female,Retired,67000,10000,Medical,788,1,Covering costs for necessary in-home care assistance for a few months.,1,Neutral,0.5071808099746704,1,67000,0.1492537313432835,1,0,0,1,1,5,Low,Personal/Lifestyle
L1687,38,Male,Accountant,99000,23000,Education,765,1,Paying for advanced certification in international corporate finance law.,1,Neutral,0.5056283473968506,1,99000,0.2323232323232323,1,0,1,1,1,7,Medium,Business/Investment
L1688,26,Female,Retail Associate,42000,10500,Personal,635,0,I am completely buried under high-interest credit card debt and need this consolidation loan immediately to avoid default. I feel overwhelmed.,0,Very Negative,0.9988598227500916,2,42000,0.25,1,3,1,0,2,18,High,Basic Needs/Survival
L1689,49,Male,Engineer,152000,48000,Business,825,1,Investment in specialized structural testing robotics.,1,Neutral,0.5376679301261902,1,152000,0.3157894736842105,1,0,1,1,1,7,Medium,Business/Investment
L1690,54,Female,Manager,119000,28000,Home,798,1,Financing a complete overhaul of the home's exterior siding and paint job.,1,Neutral,0.531387209892273,1,119000,0.2352941176470588,1,0,1,1,0,6,Medium,Personal/Lifestyle
L1691,31,Male,Plumber,74000,16000,Personal,695,2,"Need funds to cover the cost of replacing specialized, heavy-duty commercial tools stolen from my truck.",0,Neutral,0.6064412593841553,1,74000,0.2162162162162162,1,2,1,1,2,14,High,Basic Needs/Survival
L1692,42,Female,Teacher,77000,17000,Education,745,1,Funding specialized training for teachers in advanced digital security.,1,Neutral,0.5548036098480225,1,77000,0.2207792207792207,1,1,1,1,1,10,Medium,Basic Needs/Survival
L1693,25,Male,Cashier,33000,7500,Medical,592,0,I need this money for an emergency dental procedure that is causing me severe discomfort and inability to work properly.,0,Negative,0.9554526209831238,2,33000,0.2272727272727272,2,3,1,0,1,18,High,Basic Needs/Survival
L1694,57,Female,Scientist,180000,50000,Business,838,1,"Acquisition of a new, high-throughput genetic sequencing system.",1,Neutral,0.5114139914512634,1,180000,0.2777777777777778,1,0,1,1,1,7,Medium,Basic Needs/Survival
L1695,33,Male,Truck Driver,78000,21000,Personal,672,3,Need capital to cover unexpected expenses related to DOT compliance upgrades.,0,Negative,0.6755884885787964,2,78000,0.2692307692307692,2,2,1,2,2,18,High,Basic Needs/Survival
L1696,46,Female,HR Specialist,95000,24000,Home,760,1,Financing the installation of a high-efficiency heat pump and HVAC system.,1,Neutral,0.4984827637672424,1,95000,0.2526315789473684,1,0,1,1,0,6,Medium,Basic Needs/Survival
L1697,20,Male,Student,23000,4000,Education,545,0,I need this to pay for a mandatory prerequisite course fee or I fail the semester. I have no other source of funding.,0,Neutral,0.5981264114379883,1,23000,0.1739130434782608,1,3,0,0,1,13,High,Basic Needs/Survival
L1698,50,Female,Doctor,215000,60000,Medical,852,1,Funding the purchase of a state-of-the-art dermatology laser system.,1,Neutral,0.4641191959381103,1,215000,0.2790697674418604,1,0,1,1,1,7,Medium,Business/Investment
L1699,39,Male,Real Estate Agent,102000,27000,Business,738,1,"Capital for aggressive, targeted advertising campaigns in new suburban markets.",1,Neutral,0.5640408992767334,1,102000,0.2647058823529412,1,1,1,1,1,10,Medium,Business/Investment
L1700,64,Female,Retired,74000,13000,Personal,800,1,Covering costs for necessary home accessibility updates to maintain independence.,1,Neutral,0.5053045153617859,1,74000,0.1756756756756756,1,0,0,1,2,6,Medium,Personal/Lifestyle
L1701,28,Male,Warehouse Worker,44000,10500,Education,625,1,Paying for specialized logistics management certification to qualify for warehouse supervisor role.,0,Neutral,0.4758109748363495,1,44000,0.2386363636363636,1,3,1,1,1,16,High,Personal/Lifestyle
L1702,43,Female,Project Manager,118000,30000,Education,790,1,Sponsoring my child's advanced music performance degree abroad.,1,Positive,0.5359522700309753,1,118000,0.2542372881355932,0,0,1,1,1,6,Medium,Personal/Lifestyle
L1703,51,Male,Mechanic,76000,17000,Business,715,2,Need funds to purchase a heavy-duty alignment rack system.,1,Neutral,0.6443430185317993,1,76000,0.2236842105263158,1,1,1,1,1,10,Medium,Basic Needs/Survival
L1704,26,Female,Barista,36000,7000,Personal,595,0,"My scooter, used for work commute, was stolen, and I need this cash immediately to replace it before losing my job.",0,Negative,0.5896021127700806,1,36000,0.1944444444444444,2,3,0,0,2,15,High,Personal/Lifestyle
L1705,47,Male,Firefighter,98000,25000,Home,750,2,Financing a major upgrade to the home's fire safety and detection system.,1,Positive,0.5260728597640991,1,98000,0.2551020408163265,0,0,1,1,0,5,Low,Personal/Lifestyle
L1706,32,Female,Social Worker,62000,18000,Education,698,1,Funding specialized training in non-profit organizational management.,1,Neutral,0.487884908914566,1,62000,0.2903225806451613,1,2,1,1,1,13,High,Business/Investment
L1707,61,Male,Consultant,148000,28000,Personal,808,1,"Investment in a high-yield, low-volatility corporate bond portfolio.",1,Neutral,0.3078818619251251,0,148000,0.1891891891891892,1,0,0,1,2,4,Low,Business/Investment
L1708,37,Female,Chef,71000,20000,Business,735,2,Need funds to purchase a specialized food dehydrator for premium product lines.,1,Neutral,0.5647982954978943,1,71000,0.2816901408450704,1,1,1,1,1,10,Medium,Personal/Lifestyle
L1709,50,Male,Accountant,106000,28000,Home,785,2,Refinancing existing loan structure to achieve better long-term interest rates.,1,Neutral,0.4662227034568786,1,106000,0.2641509433962264,1,0,1,1,0,6,Medium,Business/Investment
L1710,25,Female,Receptionist,41000,9000,Personal,630,1,Helping my sibling cover urgent car maintenance so they can retain their job.,0,Positive,0.5095811486244202,1,41000,0.2195121951219512,0,3,1,1,2,16,High,Personal/Lifestyle
L1711,55,Male,Engineer,170000,62000,Education,842,1,Sponsoring my child's entire final year of engineering postgraduate studies.,1,Neutral,0.5561483502388,1,170000,0.3647058823529411,1,0,1,1,1,7,Medium,Personal/Lifestyle
L1712,30,Female,Sales Clerk,45000,11000,Medical,630,0,I need this money immediately to cover overdue prescription refills that are essential for my health. I feel desperate.,0,Negative,0.7548167109489441,2,45000,0.2444444444444444,2,3,1,0,1,18,High,Personal/Lifestyle
L1713,41,Male,Pilot,168000,45000,Business,825,1,Acquisition of advanced air traffic control simulator modules.,1,Neutral,0.4928217530250549,1,168000,0.2678571428571428,1,0,1,1,1,7,Medium,Basic Needs/Survival
L1714,68,Female,Retired,66000,9000,Personal,788,1,Covering costs for necessary modifications to accommodate mobility aids at home.,1,Neutral,0.4972960352897644,1,66000,0.1363636363636363,1,0,0,1,2,6,Medium,Personal/Lifestyle
L1715,22,Male,Tutor,35000,6000,Education,595,1,Purchasing specialized tutoring software licenses for high-demand subjects.,0,Neutral,0.5280368328094482,1,35000,0.1714285714285714,1,3,0,1,1,14,High,Business/Investment
L1716,38,Female,Lawyer,142000,42000,Home,810,1,Funds needed to finalize closing costs on a significant investment property purchase.,1,Neutral,0.5743194222450256,1,142000,0.2957746478873239,1,0,1,1,0,6,Medium,Business/Investment
L1717,45,Male,Driver,54000,15000,Personal,600,3,"My primary work vehicle needs a new clutch assembly, and without it, I lose my income. I am in a tough spot.",0,Negative,0.6711971759796143,2,54000,0.2777777777777778,2,3,1,2,2,21,High,Personal/Lifestyle
L1718,52,Female,Doctor,230000,75000,Medical,855,1,Funding the acquisition of cutting-edge diagnostic imaging equipment for the clinic.,1,Neutral,0.4861876964569092,1,230000,0.3260869565217391,1,0,1,1,1,7,Medium,Business/Investment
L1719,26,Male,Retail Manager,54000,18000,Business,688,2,Need capital for an aggressive marketing push for a new product launch.,0,Neutral,0.6323974132537842,1,54000,0.3333333333333333,1,2,1,1,1,13,High,Business/Investment
L1720,60,Female,Accountant,110000,25000,Education,775,1,Paying off the final segment of my advanced CPA specialization loan.,1,Neutral,0.5182998180389404,1,110000,0.2272727272727272,1,0,1,1,1,7,Medium,Business/Investment
L1721,33,Male,Electrician,86000,22000,Home,720,1,Financing the replacement of the entire exterior siding and trim.,1,Neutral,0.5279219746589661,1,86000,0.2558139534883721,1,1,1,1,0,9,Medium,Personal/Lifestyle
L1722,48,Female,Scientist,168000,48000,Business,828,1,Investment in specialized automated environmental testing chambers.,1,Neutral,0.5537421107292175,1,168000,0.2857142857142857,1,0,1,1,1,7,Medium,Business/Investment
L1723,21,Male,Dishwasher,25000,5000,Personal,532,0,I have defaulted on several small loans recently and need this cash to stop collection calls. I feel completely hopeless and panicked.,0,Very Negative,0.5871910452842712,1,25000,0.2,1,3,0,0,2,14,High,Personal/Lifestyle
L1724,54,Female,Teacher,82000,20000,Medical,755,1,Covering costs for my spouse's specialized neurological evaluation.,1,Neutral,0.550363302230835,1,82000,0.2439024390243902,1,0,1,1,1,7,Medium,Personal/Lifestyle
L1725,36,Male,Software Developer,138000,39000,Personal,808,1,"Need liquidity to execute a timely, low-risk investment in a private company.",1,Neutral,0.0246667228639125,0,138000,0.2826086956521739,1,0,1,1,2,6,Medium,Business/Investment
L1726,44,Female,Manager,118000,30000,Home,785,1,Financing a major upgrade to the home's central air conditioning system for efficiency.,1,Positive,0.4722645878791809,1,118000,0.2542372881355932,0,0,1,1,0,5,Low,Personal/Lifestyle
L1727,29,Male,Bartender,42000,9500,Education,625,0,"I need this for mandatory safety training for a better job, but I have zero savings right now. I feel like this is an impossible hurdle.",0,Very Negative,0.4472980499267578,1,42000,0.2261904761904762,1,3,1,0,1,15,High,Personal/Lifestyle
L1728,62,Female,Retired,78000,14000,Personal,798,1,Funding a subscription to a premium financial planning service.,1,Neutral,0.4644749164581299,1,78000,0.1794871794871795,1,0,0,1,2,6,Medium,Business/Investment
L1729,35,Male,Sales Manager,98000,25000,Business,745,1,Investment in next-generation CRM software licenses.,1,Neutral,0.5451622605323792,1,98000,0.2551020408163265,1,1,1,1,1,10,Medium,Business/Investment
L1730,24,Female,Clerk,34000,7000,Medical,610,0,I need this money for a critical prescription refill; I've been rationing my dosage because I couldn't afford the cost. I'm scared.,0,Negative,0.58151775598526,1,34000,0.2058823529411764,2,3,1,0,1,16,High,Basic Needs/Survival
L1731,49,Male,Engineer,150000,52000,Home,822,1,"Securing financing for the construction of a large, detached workshop/garage.",1,Neutral,0.5013878345489502,1,150000,0.3466666666666667,1,0,1,1,0,6,Medium,Business/Investment
L1732,57,Female,HR Director,130000,35000,Education,805,1,Sponsoring employee travel to a national HR best practices summit.,1,Neutral,0.4320610463619232,1,130000,0.2692307692307692,1,0,1,1,1,7,Medium,Personal/Lifestyle
L1733,32,Male,Truck Driver,78000,20000,Personal,682,3,"Need funds to cover unexpected, high insurance premium increases for commercial vehicle coverage.",0,Negative,0.8069109320640564,2,78000,0.2564102564102564,2,2,1,2,2,18,High,Basic Needs/Survival
L1734,46,Female,Nurse,93000,23000,Medical,758,1,Funding specialized training in advanced cardiac life support.,1,Neutral,0.5401021838188171,1,93000,0.2473118279569892,1,0,1,1,1,7,Medium,Basic Needs/Survival
L1735,20,Male,Security Guard,30000,5500,Education,550,0,I must pay my final registration fee or I lose my scholarship eligibility. I have no other options.,0,Neutral,0.5321629047393799,1,30000,0.1833333333333333,1,3,0,0,1,13,High,Personal/Lifestyle
L1736,64,Female,Professor,125000,18000,Business,800,1,Small capital infusion to support a graduate student's dissertation research travel.,1,Neutral,0.477631151676178,1,125000,0.144,1,0,0,1,1,5,Low,Personal/Lifestyle
L1737,39,Male,Mechanic,72000,20000,Home,705,3,Emergency replacement of the main water service line leading to the house.,0,Neutral,0.5804776549339294,1,72000,0.2777777777777778,1,1,1,2,0,10,Medium,Basic Needs/Survival
L1738,47,Female,Accountant,108000,29000,Education,785,1,Financing advanced training in global regulatory compliance.,1,Neutral,0.5170949697494507,1,108000,0.2685185185185185,1,0,1,1,1,7,Medium,Business/Investment
L1739,27,Male,Warehouse Associate,44000,11000,Personal,620,2,Need to pay off a high-interest collection agency debt before it damages my credit score further. Trying to be responsible.,0,Negative,0.6876466870307922,2,44000,0.25,2,3,1,1,2,20,High,Personal/Lifestyle
L1740,51,Female,Executive,205000,58000,Home,848,1,Securing financing for the acquisition of a high-yield rental property.,1,Neutral,0.5419615507125854,1,205000,0.2829268292682926,1,0,1,1,0,6,Medium,Business/Investment
L1741,34,Male,Data Entry Clerk,48000,9500,Education,650,1,Paying for a professional certification in advanced IT network security.,0,Neutral,0.4762945771217346,1,48000,0.1979166666666666,1,2,0,1,1,11,High,Personal/Lifestyle
L1742,59,Female,Manager,126000,31000,Business,792,1,Acquisition of specialized machinery for enhanced production quality control.,1,Neutral,0.5073915719985962,1,126000,0.246031746031746,1,0,1,1,1,7,Medium,Basic Needs/Survival
L1743,23,Male,Waiter,33000,7500,Personal,590,1,Need funds to cover the security deposit for a new apartment that is safer for my family.,0,Neutral,0.5619264245033264,1,33000,0.2272727272727272,1,3,1,1,2,17,High,Personal/Lifestyle
L1744,42,Female,Librarian,62000,16000,Medical,735,2,Covering costs for my spouse's specialized physical therapy.,1,Neutral,0.5433701872825623,1,62000,0.2580645161290322,1,1,1,1,1,10,Medium,Personal/Lifestyle
L1745,46,Male,Sales Director,122000,38000,Home,815,1,Financing the installation of a commercial-grade rainwater harvesting system.,1,Neutral,0.507190465927124,1,122000,0.3114754098360656,1,0,1,1,0,6,Medium,Business/Investment
L1746,31,Female,Nurse,79000,18000,Education,760,1,Paying for advanced certification in emergency room protocols.,1,Neutral,0.5174250602722168,1,79000,0.2278481012658227,1,0,1,1,1,7,Medium,Basic Needs/Survival
L1747,53,Male,Scientist,172000,50000,Business,830,1,Purchasing a new high-speed computing cluster for complex modeling.,1,Neutral,0.4926260411739349,1,172000,0.2906976744186046,1,0,1,1,1,7,Medium,Personal/Lifestyle
L1748,28,Female,Graphic Designer,72000,17000,Personal,710,2,Need funds to cover unexpected legal defense costs related to a freelance project.,1,Neutral,0.62723308801651,1,72000,0.2361111111111111,1,1,1,1,2,11,High,Personal/Lifestyle
L1749,66,Male,Retired,84000,12000,Medical,818,1,Covering costs for a necessary dental implant procedure.,1,Neutral,0.519364058971405,1,84000,0.1428571428571428,1,0,0,1,1,5,Low,Basic Needs/Survival
L1750,37,Female,Teacher,74000,21000,Education,745,1,Funding a research sabbatical focused on innovative pedagogy.,1,Neutral,0.4897561073303222,1,74000,0.2837837837837837,1,1,1,1,1,10,Medium,Business/Investment
L1751,40,Male,Accountant,103000,26000,Home,775,2,Need funds for emergency repair of the main chimney stack due to structural issues.,0,Neutral,0.6327762603759766,1,103000,0.2524271844660194,1,0,1,1,0,6,Medium,Basic Needs/Survival
L1752,22,Female,Receptionist,38000,6500,Personal,602,0,"I need this money to pay my rent immediately; my paycheck was delayed, and I face eviction. I am truly panicked.",0,Very Negative,0.6129743456840515,1,38000,0.1710526315789473,1,3,0,0,2,14,High,Personal/Lifestyle
L1753,50,Male,Engineer,148000,48000,Business,818,1,Acquisition of proprietary robotics for quality assurance testing.,1,Neutral,0.4687448441982269,1,148000,0.3243243243243243,1,0,1,1,1,7,Medium,Basic Needs/Survival
L1754,45,Female,HR Manager,110000,23000,Education,785,1,Sponsoring employee travel to a national leadership development seminar.,1,Neutral,0.4665886759757995,1,110000,0.209090909090909,1,0,1,1,1,7,Medium,Business/Investment
L1755,33,Male,Construction Worker,64000,19000,Personal,655,3,Need funds to cover the unexpected cost of specialized concrete pouring for a custom foundation.,0,Neutral,0.629554271697998,1,64000,0.296875,1,2,1,2,2,15,High,Business/Investment
L1756,58,Female,Administrator,94000,21000,Medical,770,2,Covering costs for an extended physical therapy regimen following a minor procedure.,1,Neutral,0.4886070489883423,1,94000,0.2234042553191489,1,0,1,1,1,7,Medium,Personal/Lifestyle
L1757,25,Male,Electrician Apprentice,45000,15000,Business,645,0,I overextended my credit buying specialized tools based on a projected large contract that fell through. I'm in trouble.,0,Negative,0.6544983386993408,1,45000,0.3333333333333333,2,3,1,0,1,16,High,Business/Investment
L1758,48,Female,Doctor,240000,78000,Home,862,1,Financing the installation of a professional-grade home security and surveillance system.,1,Neutral,0.4891893565654754,1,240000,0.325,1,0,1,1,0,6,Medium,Personal/Lifestyle
L1759,30,Male,Software Engineer,130000,38000,Education,800,1,Aggressively paying off the final segment of my enterprise architecture master's degree.,1,Negative,0.613828718662262,1,130000,0.2923076923076923,2,0,1,1,1,8,Medium,Business/Investment
L1760,61,Female,Retired,62000,10000,Personal,780,1,Funding an extended trip to visit aging relatives overseas.,1,Neutral,0.5098593235015869,1,62000,0.1612903225806451,1,0,0,1,2,6,Medium,Personal/Lifestyle
L1761,21,Male,Security Guard,31000,7000,Personal,560,0,I owe money to an aggressive debt collector and need this cash immediately to settle the account and stop harassing calls. I'm genuinely scared.,0,Negative,0.6146595478057861,1,31000,0.2258064516129032,2,3,1,0,2,17,High,Personal/Lifestyle
L1762,44,Female,Teacher,84000,20000,Medical,760,1,Covering costs for my child's specialized speech therapy program.,1,Neutral,0.5130113959312439,1,84000,0.238095238095238,1,0,1,1,1,7,Medium,Personal/Lifestyle
L1763,38,Male,Truck Driver,88000,24000,Home,685,3,Need funds for emergency replacement of the garage foundation due to soil instability.,0,Neutral,0.6706597805023193,2,88000,0.2727272727272727,1,2,1,2,0,15,High,Basic Needs/Survival
L1764,52,Female,Financial Analyst,168000,46000,Business,825,1,Investment in a diversified portfolio of private infrastructure bonds.,1,Neutral,0.5119872689247131,1,168000,0.2738095238095238,1,0,1,1,1,7,Medium,Business/Investment
L1765,28,Male,Photographer,52000,12000,Education,670,1,Purchasing advanced cinematography equipment necessary for securing high-end commercial video jobs.,0,Neutral,0.5571520328521729,1,52000,0.2307692307692307,1,2,1,1,1,13,High,Personal/Lifestyle
L1766,55,Female,Manager,120000,27000,Personal,805,1,"Funding a major, high-value personal investment in fine art.",1,Positive,0.5744262933731079,1,120000,0.225,0,0,1,1,2,7,Medium,Personal/Lifestyle
L1767,32,Male,Carpenter,69000,18000,Home,705,2,"Replacing old, failing exterior decking and railing system for safety reasons.",1,Negative,0.4175383150577545,1,69000,0.2608695652173913,2,1,1,1,0,10,Medium,Basic Needs/Survival
L1768,49,Female,Nurse,102000,26000,Medical,778,1,Financing advanced training in pediatric pain management techniques.,1,Neutral,0.5108419060707092,1,102000,0.2549019607843137,1,0,1,1,1,7,Medium,Basic Needs/Survival
L1769,24,Male,Fast Food Worker,29000,5000,Personal,560,0,"I need this money immediately to cover my car insurance premium; if I drive uninsured, I risk losing my job. I'm desperate.",0,Negative,0.931284248828888,2,29000,0.1724137931034483,2,3,0,0,2,17,High,Basic Needs/Survival
L1770,60,Female,Librarian,73000,14000,Education,762,1,Funding a major upgrade to the library's digital media lab resources.,1,Neutral,0.481412798166275,1,73000,0.1917808219178082,1,0,0,1,1,5,Low,Personal/Lifestyle
L1771,36,Male,Sales Representative,92000,23000,Business,735,1,Need capital for a significant increase in sales staff training and onboarding.,1,Neutral,0.7103511691093445,2,92000,0.25,1,1,1,1,1,12,High,Business/Investment
L1772,41,Female,Accountant,106000,28000,Home,782,2,Financing a major upgrade to the home's plumbing infrastructure and fixtures.,1,Positive,0.508520781993866,1,106000,0.2641509433962264,0,0,1,1,0,5,Low,Personal/Lifestyle
L1773,29,Male,Bartender,43000,9800,Personal,620,0,I have several overdue small debts that are threatening my credit rating; I need this to consolidate and regain control. I feel so anxious.,0,Negative,0.683397650718689,2,43000,0.227906976744186,2,3,1,0,2,19,High,Basic Needs/Survival
L1774,53,Female,Professor,132000,40000,Education,820,1,Funding a multi-year research partnership with an international university.,1,Neutral,0.4820568263530731,1,132000,0.303030303030303,1,0,1,1,1,7,Medium,Business/Investment
L1775,47,Male,Pilot,200000,58000,Business,838,1,Acquisition of next-generation flight performance telemetry systems.,1,Neutral,0.5107322931289673,1,200000,0.29,1,0,1,1,1,7,Medium,Basic Needs/Survival
L1776,35,Female,Software Developer,122000,35000,Personal,795,1,Need short-term liquidity while waiting for a large enterprise contract payment to clear.,1,Neutral,0.5090789198875427,1,122000,0.2868852459016393,1,0,1,1,2,8,Medium,Business/Investment
L1777,23,Male,Delivery Driver,37000,8500,Medical,610,1,Covering the cost of specialized physical therapy for a recurring back issue that affects my work.,0,Neutral,0.6519256830215454,1,37000,0.2297297297297297,1,3,1,1,1,16,High,Personal/Lifestyle
L1778,56,Female,Doctor,235000,80000,Home,860,1,Financing the installation of a state-of-the-art geothermal heating system.,1,Neutral,0.3013064563274383,0,235000,0.3404255319148936,1,0,1,1,0,4,Low,Basic Needs/Survival
L1779,30,Male,Graphic Designer,72000,19000,Business,715,2,Need to hire a specialized UX/UI consultant for a major redesign project.,1,Neutral,0.5412967205047607,1,72000,0.2638888888888889,1,1,1,1,1,10,Medium,Business/Investment
L1780,62,Female,Retired,69000,11000,Medical,792,1,Covering costs for ongoing specialized dietary consultation.,1,Neutral,0.5165790915489197,1,69000,0.1594202898550724,1,0,0,1,1,5,Low,Basic Needs/Survival
L1781,38,Male,Accountant,101000,24000,Education,770,1,Paying for advanced certification in forensic data auditing.,1,Neutral,0.4818827509880066,1,101000,0.2376237623762376,1,0,1,1,1,7,Medium,Basic Needs/Survival
L1782,26,Female,Retail Associate,43000,11000,Personal,640,0,I am behind on my minimum credit card payments and need this loan to avoid severe penalties next month. I am desperate for breathing room.,0,Negative,0.635001540184021,1,43000,0.2558139534883721,2,3,1,0,2,17,High,Personal/Lifestyle
L1783,49,Male,Engineer,155000,49000,Business,828,1,"Investment in specialized, high-precision machining tools.",1,Neutral,0.532021701335907,1,155000,0.3161290322580645,1,0,1,1,1,7,Medium,Business/Investment
L1784,54,Female,Manager,121000,29000,Home,798,1,Financing a comprehensive upgrade to the home's septic and drainage system.,1,Neutral,0.5149025917053223,1,121000,0.2396694214876033,1,0,1,1,0,6,Medium,Personal/Lifestyle
L1785,31,Male,Plumber,75000,17000,Personal,700,2,Need funds to cover the cost of specialized commercial pipe inspection camera rental.,0,Neutral,0.5614039897918701,1,75000,0.2266666666666666,1,1,1,1,2,11,High,Basic Needs/Survival
L1786,42,Female,Teacher,78000,18000,Education,750,1,Funding specialized training for teachers in advanced robotics instruction.,1,Neutral,0.5133401155471802,1,78000,0.2307692307692307,1,0,1,1,1,7,Medium,Basic Needs/Survival
L1787,25,Male,Cashier,34000,7500,Medical,598,0,I need this money immediately to cover an overdue ambulance bill that is heading to collections. I am genuinely stressed.,0,Negative,0.5871421694755554,1,34000,0.2205882352941176,2,3,1,0,1,16,High,Personal/Lifestyle
L1788,57,Female,Scientist,182000,51000,Business,840,1,Acquisition of a new high-performance liquid chromatograph.,1,Neutral,0.5301194787025452,1,182000,0.2802197802197802,1,0,1,1,1,7,Medium,Business/Investment
L1789,33,Male,Truck Driver,80000,22000,Personal,678,3,"Need capital to cover mandatory, unexpected roadside assistance service fees.",0,Negative,0.6635013818740845,2,80000,0.275,2,2,1,2,2,18,High,Basic Needs/Survival
L1790,46,Female,HR Specialist,97000,25000,Home,765,1,Financing a major upgrade to the home's exterior paint and sealing.,1,Positive,0.5019553303718567,1,97000,0.2577319587628865,0,0,1,1,0,5,Low,Personal/Lifestyle
L1791,20,Male,Student,24000,4500,Education,550,0,"I need this for my final certification exam fee, or I fail the course; I have no other way to pay. I feel stuck.",0,Negative,0.5000482201576233,1,24000,0.1875,2,3,0,0,1,14,High,Basic Needs/Survival
L1792,50,Female,Doctor,218000,62000,Medical,855,1,Funding the purchase of a high-resolution diagnostic ultrasound system.,1,Neutral,0.4932789504528045,1,218000,0.2844036697247706,1,0,1,1,1,7,Medium,Business/Investment
L1793,39,Male,Real Estate Agent,104000,28000,Business,742,1,Capital for aggressive marketing of new commercial properties.,1,Neutral,0.6022213101387024,1,104000,0.2692307692307692,1,1,1,1,1,10,Medium,Business/Investment
L1794,64,Female,Retired,75000,14000,Personal,802,1,Covering costs for an essential home accessibility modification.,1,Neutral,0.5292170643806458,1,75000,0.1866666666666666,1,0,0,1,2,6,Medium,Basic Needs/Survival
L1795,28,Male,Warehouse Worker,45000,11000,Education,630,1,Paying for specialized certification in automated warehouse management systems.,0,Neutral,0.4950941503047943,1,45000,0.2444444444444444,1,3,1,1,1,16,High,Personal/Lifestyle
L1796,43,Female,Project Manager,120000,31000,Education,792,1,Sponsoring my child's specialized international arts program tuition.,1,Neutral,0.5246294140815735,1,120000,0.2583333333333333,1,0,1,1,1,7,Medium,Personal/Lifestyle
L1797,51,Male,Mechanic,78000,18000,Business,720,2,Need funds to purchase a specialized diagnostic tool for electric vehicles.,1,Neutral,0.5960134267807007,1,78000,0.2307692307692307,1,1,1,1,1,10,Medium,Basic Needs/Survival
L1798,26,Female,Barista,37000,7500,Personal,600,0,"My car insurance just lapsed, and I need this cash immediately to pay the reinstatement fee, or I can't drive to work.",0,Negative,0.587172269821167,1,37000,0.2027027027027027,2,3,1,0,2,17,High,Personal/Lifestyle
L1799,47,Male,Firefighter,98000,26000,Home,755,2,Financing a major upgrade to the home's exterior fencing and retaining walls.,1,Positive,0.538276731967926,1,98000,0.2653061224489796,0,0,1,1,0,5,Low,Personal/Lifestyle
L1800,32,Female,Social Worker,63000,19000,Education,702,1,Funding specialized training in substance abuse counseling.,1,Neutral,0.4882498979568481,1,63000,0.3015873015873015,1,1,1,1,1,10,Medium,Personal/Lifestyle
L1801,61,Male,Consultant,150000,29000,Personal,810,1,"Investment in a high-yield, short-term private lending opportunity.",1,Neutral,0.5742098093032837,1,150000,0.1933333333333333,1,0,0,1,2,6,Medium,Business/Investment
L1802,37,Female,Chef,72000,21000,Business,740,2,Need funds to purchase commercial kitchen ventilation upgrades.,1,Neutral,0.5725293159484863,1,72000,0.2916666666666667,1,1,1,1,1,10,Medium,Business/Investment
L1803,50,Male,Accountant,108000,29000,Home,788,2,Refinancing a portion of the mortgage to free up capital for investment strategies.,1,Neutral,0.5006182789802551,1,108000,0.2685185185185185,1,0,1,1,0,6,Medium,Business/Investment
L1804,25,Female,Receptionist,42000,9500,Personal,635,1,Helping my sibling cover emergency utility bill payments to prevent shutoff.,0,Positive,0.5045856833457947,1,42000,0.2261904761904762,0,3,1,1,2,16,High,Basic Needs/Survival
L1805,55,Male,Engineer,172000,64000,Education,845,1,Sponsoring my child's final year of engineering postgraduate studies.,1,Neutral,0.5261340737342834,1,172000,0.3720930232558139,1,0,1,1,1,7,Medium,Personal/Lifestyle
L1806,30,Female,Sales Clerk,46000,11500,Medical,635,0,I need this money for essential prescription refills that I have been skipping; I cannot manage my condition without them. I feel desperate.,0,Negative,0.5328470468521118,1,46000,0.25,2,3,1,0,1,16,High,Personal/Lifestyle
L1807,41,Male,Pilot,170000,46000,Business,828,1,Acquisition of advanced flight path optimization software updates.,1,Neutral,0.486807644367218,1,170000,0.2705882352941176,1,0,1,1,1,7,Medium,Basic Needs/Survival
L1808,68,Female,Retired,68000,10000,Personal,792,1,Covering costs for necessary home maintenance not covered by standard budget.,1,Neutral,0.5096551179885864,1,68000,0.1470588235294117,1,0,0,1,2,6,Medium,Basic Needs/Survival
L1809,22,Male,Tutor,36000,6000,Education,600,1,Purchasing specialized educational software licenses for advanced calculus tutoring.,0,Neutral,0.4997590184211731,1,36000,0.1666666666666666,1,3,0,1,1,14,High,Personal/Lifestyle
L1810,38,Female,Lawyer,145000,44000,Home,812,1,Funds needed to cover closing costs on a significant personal office renovation.,1,Neutral,0.6253162026405334,1,145000,0.3034482758620689,1,0,1,1,0,6,Medium,Personal/Lifestyle
L1811,45,Male,Driver,55000,16000,Personal,605,3,"My main work vehicle needs an immediate transmission replacement; without it, I cannot earn a living. I'm in a very difficult situation.",0,Negative,0.6469457745552063,1,55000,0.2909090909090909,2,3,1,2,2,19,High,Basic Needs/Survival
L1812,52,Female,Doctor,235000,78000,Medical,858,1,Funding the purchase of cutting-edge diagnostic ultrasound technology.,1,Neutral,0.463350385427475,1,235000,0.3319148936170212,1,0,1,1,1,7,Medium,Business/Investment
L1813,26,Male,Retail Manager,55000,19000,Business,692,2,Need capital for increased inventory volume to meet unexpected demand spike.,0,Neutral,0.6489369869232178,1,55000,0.3454545454545454,1,2,1,1,1,13,High,Basic Needs/Survival
L1814,60,Female,Accountant,112000,26000,Education,780,1,Paying off the final installment of my advanced tax specialization loan.,1,Neutral,0.5256256461143494,1,112000,0.2321428571428571,1,0,1,1,1,7,Medium,Business/Investment
L1815,33,Male,Electrician,88000,23000,Home,725,1,Financing the replacement of the main electrical wiring throughout the property.,1,Neutral,0.4816721379756927,1,88000,0.2613636363636363,1,1,1,1,0,9,Medium,Basic Needs/Survival
L1816,48,Female,Scientist,170000,48000,Business,830,1,Investment in proprietary biological sequencing optimization tools.,1,Neutral,0.4749569892883301,1,170000,0.2823529411764706,1,0,1,1,1,7,Medium,Business/Investment
L1817,21,Male,Dishwasher,26000,5500,Personal,538,0,"I have severe, unmanageable debt from a co-signed loan that went bad; I need this cash to stop the immediate pressure. I feel totally lost.",0,Very Negative,0.8274581432342529,2,26000,0.2115384615384615,1,3,1,0,2,18,High,Personal/Lifestyle
L1818,54,Female,Teacher,84000,21000,Medical,760,1,Covering costs for my spouse's specialized cardiac diagnostic testing.,1,Neutral,0.523899495601654,1,84000,0.25,1,0,1,1,1,7,Medium,Personal/Lifestyle
L1819,36,Male,Software Developer,140000,40000,Personal,810,1,"Need liquidity to capitalize on a very timely, low-risk investment opportunity.",1,Negative,0.0026000791694968,0,140000,0.2857142857142857,2,0,1,1,2,7,Medium,Business/Investment
L1820,44,Female,Manager,120000,31000,Home,788,1,Financing a major upgrade to the home's landscaping and hardscape features.,1,Positive,0.4753544926643371,1,120000,0.2583333333333333,0,0,1,1,0,5,Low,Personal/Lifestyle
L1821,29,Male,Bartender,43000,9800,Education,630,0,"I need this money for mandatory safety certification for a union job, but I have zero savings. I feel like I can't catch a break.",0,Very Negative,0.2399855852127075,0,43000,0.227906976744186,1,3,1,0,1,13,High,Personal/Lifestyle
L1822,62,Female,Retired,80000,15000,Personal,800,1,Funding a major home technology upgrade to facilitate remote hobbies.,1,Neutral,0.5039207339286804,1,80000,0.1875,1,0,0,1,2,6,Medium,Personal/Lifestyle
L1823,35,Male,Sales Manager,100000,26000,Business,750,1,Investment in new territory expansion and associated personnel hiring.,1,Neutral,0.5379559397697449,1,100000,0.26,1,0,1,1,1,7,Medium,Business/Investment
L1824,24,Female,Clerk,35000,7500,Medical,612,0,I need this money right now for critical prescription refills; I've been rationing them and feel terrible. I'm scared.,0,Negative,0.8040876388549805,2,35000,0.2142857142857142,2,3,1,0,1,18,High,Personal/Lifestyle
L1825,49,Male,Engineer,152000,54000,Home,825,1,"Securing financing for the construction of a large, custom-built pool house.",1,Neutral,0.5270388126373291,1,152000,0.3552631578947368,1,0,1,1,0,6,Medium,Business/Investment
L1826,57,Female,HR Director,132000,36000,Education,808,1,Sponsoring advanced leadership coaching for newly promoted department heads.,1,Neutral,0.4820632338523865,1,132000,0.2727272727272727,1,0,1,1,1,7,Medium,Personal/Lifestyle
L1827,32,Male,Truck Driver,78000,21000,Personal,688,3,Need funds to cover mandatory DOT compliance safety checks and required repairs.,0,Neutral,0.549554169178009,1,78000,0.2692307692307692,1,2,1,2,2,15,High,Basic Needs/Survival
L1828,46,Female,Nurse,95000,24000,Medical,762,1,Funding specialized training in advanced neurological assessment.,1,Neutral,0.4979325830936432,1,95000,0.2526315789473684,1,0,1,1,1,7,Medium,Basic Needs/Survival
L1829,20,Male,Security Guard,31000,6000,Education,555,0,I need this money to pay my final course fee or I lose my scholarship. This is my last chance to graduate.,0,Very Negative,0.5956672430038452,1,31000,0.1935483870967742,1,3,0,0,1,13,High,Personal/Lifestyle
L1830,64,Female,Professor,125000,19000,Business,802,1,"Small capital infusion to host a specialized, international research symposium.",1,Neutral,0.4660070538520813,1,125000,0.152,1,0,0,1,1,5,Low,Business/Investment
L1831,39,Male,Mechanic,73000,21000,Home,710,3,Emergency repair required for the main gas line connection to the house.,0,Neutral,0.599870502948761,1,73000,0.2876712328767123,1,1,1,2,0,10,Medium,Basic Needs/Survival
L1832,47,Female,Accountant,110000,30000,Education,788,1,Financing specialized training in complex international tax treaties.,1,Neutral,0.712371289730072,2,110000,0.2727272727272727,1,0,1,1,1,9,Medium,Business/Investment
L1833,27,Male,Warehouse Associate,45000,11500,Personal,625,2,Need to pay off a high-interest line of credit that is about to max out. I'm trying to clean up my financial history.,0,Negative,0.7232028841972351,2,45000,0.2555555555555555,2,3,1,1,2,20,High,Basic Needs/Survival
L1834,51,Female,Executive,210000,60000,Home,848,1,Securing financing for the down payment on a second commercial investment property.,1,Neutral,0.5164411664009094,1,210000,0.2857142857142857,1,0,1,1,0,6,Medium,Business/Investment
L1835,34,Male,Data Entry Clerk,49000,10000,Education,655,1,Paying for a professional certification in advanced cybersecurity protocols.,0,Neutral,0.4873365461826324,1,49000,0.2040816326530612,1,2,1,1,1,13,High,Personal/Lifestyle
L1836,59,Female,Manager,128000,33000,Business,795,1,Acquisition of specialized robotics for enhanced quality assurance in manufacturing.,1,Neutral,0.4322614669799804,1,128000,0.2578125,1,0,1,1,1,7,Medium,Basic Needs/Survival
L1837,23,Male,Waiter,34000,7500,Personal,590,1,Need funds to cover moving expenses and security deposit for a family-friendly neighborhood.,0,Neutral,0.5046067833900452,1,34000,0.2205882352941176,1,3,1,1,2,17,High,Personal/Lifestyle
L1838,42,Female,Librarian,63000,17000,Medical,740,2,Covering costs for my spouse's specialized dental work.,1,Neutral,0.5465916395187378,1,63000,0.2698412698412698,1,1,1,1,1,10,Medium,Personal/Lifestyle
L1839,46,Male,Sales Director,125000,39000,Home,818,1,Financing the installation of a high-efficiency geothermal heating system.,1,Neutral,0.5213234424591064,1,125000,0.312,1,0,1,1,0,6,Medium,Basic Needs/Survival
L1840,31,Female,Nurse,80000,19000,Education,765,1,Paying for advanced leadership development workshops in hospital administration.,1,Neutral,0.5237236618995667,1,80000,0.2375,1,0,1,1,1,7,Medium,Personal/Lifestyle
L1841,53,Male,Scientist,175000,50000,Business,832,1,Purchasing new high-capacity laboratory fume hoods.,1,Neutral,0.6308589577674866,1,175000,0.2857142857142857,1,0,1,1,1,7,Medium,Personal/Lifestyle
L1842,28,Female,Graphic Designer,74000,18000,Personal,715,2,Need funds to cover legal consultation fees regarding a minor copyright infringement.,1,Neutral,0.5911705493927002,1,74000,0.2432432432432432,1,1,1,1,2,11,High,Personal/Lifestyle
L1843,66,Male,Retired,86000,13000,Medical,820,1,Covering costs for necessary elective physical therapy sessions.,1,Neutral,0.49385666847229,1,86000,0.1511627906976744,1,0,0,1,1,5,Low,Basic Needs/Survival
L1844,37,Female,Teacher,75000,22000,Education,750,1,Funding a major research project focused on educational technology integration.,1,Neutral,0.5030227899551392,1,75000,0.2933333333333333,1,0,1,1,1,7,Medium,Business/Investment
L1845,40,Male,Accountant,105000,27000,Home,780,2,Need funds for emergency repair of the main attic support beams due to long-term moisture damage.,0,Neutral,0.6692840456962585,2,105000,0.2571428571428571,1,0,1,1,0,8,Medium,Basic Needs/Survival
L1846,22,Female,Receptionist,39000,7000,Personal,608,0,I need this money immediately to pay my overdue rent; I face eviction by the end of the week. I feel completely helpless.,0,Very Negative,0.7756326794624329,2,39000,0.1794871794871795,1,3,0,0,2,16,High,Basic Needs/Survival
L1847,50,Male,Engineer,148000,48000,Business,818,1,"Acquisition of specialized, high-precision milling equipment.",1,Neutral,0.5641928315162659,1,148000,0.3243243243243243,1,0,1,1,1,7,Medium,Basic Needs/Survival
L1848,45,Female,HR Manager,112000,24000,Education,788,1,Sponsoring employee relocation costs for a new branch opening.,1,Neutral,0.5281752347946167,1,112000,0.2142857142857142,1,0,1,1,1,7,Medium,Business/Investment
L1849,33,Male,Construction Worker,66000,20000,Personal,660,3,Need funds to cover specialized labor costs for a custom framing job that requires expedited completion.,0,Neutral,0.5707461833953857,1,66000,0.303030303030303,1,2,1,2,2,15,High,Basic Needs/Survival
L1850,58,Female,Administrator,96000,22000,Medical,775,2,Covering costs for an intensive rehabilitation program following a complex fracture.,1,Neutral,0.6753233671188354,2,96000,0.2291666666666666,1,0,1,1,1,9,Medium,Basic Needs/Survival
L1851,25,Male,Electrician Apprentice,47000,16000,Business,650,0,I took a significant risk expanding my tool inventory based on a contract that evaporated; I need this to cover immediate overhead.,0,Negative,0.9094706177711488,2,47000,0.3404255319148936,2,2,1,0,1,15,High,Business/Investment
L1852,48,Female,Doctor,245000,78000,Home,865,1,"Financing the installation of a high-end, multi-zone smart irrigation system.",1,Neutral,0.5199723839759827,1,245000,0.3183673469387755,1,0,1,1,0,6,Medium,Personal/Lifestyle
L1853,30,Male,Software Engineer,132000,39000,Education,802,1,Aggressively paying down the final portion of my master's degree student debt.,1,Very Negative,0.6034907102584839,1,132000,0.2954545454545454,1,0,1,1,1,7,Medium,Personal/Lifestyle
L1854,61,Female,Retired,64000,11000,Personal,782,1,Funding an annual membership fee for a preferred travel booking service.,1,Neutral,0.4740506708621979,1,64000,0.171875,1,0,0,1,2,6,Medium,Personal/Lifestyle
L1855,21,Male,Security Guard,32000,7500,Personal,565,0,I have multiple overdue high-interest loans coming due; I need this cash to avoid immediate default and severe consequences.,0,Negative,0.6944427490234375,2,32000,0.234375,2,3,1,0,2,19,High,Personal/Lifestyle
L1856,44,Female,Teacher,85000,21000,Medical,765,1,Covering costs for my spouse's specialized cardiology follow-up care.,1,Neutral,0.5286409258842468,1,85000,0.2470588235294117,1,0,1,1,1,7,Medium,Personal/Lifestyle
L1857,38,Male,Truck Driver,90000,25000,Home,690,3,Need funds for emergency replacement of a failing septic pump system.,0,Neutral,0.6342389583587646,1,90000,0.2777777777777778,1,2,1,2,0,13,High,Basic Needs/Survival
L1858,52,Female,Financial Analyst,170000,48000,Business,828,1,Investment in a diversified portfolio of emerging tech sector ETFs.,1,Neutral,0.4794131219387054,1,170000,0.2823529411764706,1,0,1,1,1,7,Medium,Business/Investment
L1859,28,Male,Photographer,53000,12500,Education,675,1,"Purchasing specialized, high-resolution printing equipment for archival work.",0,Neutral,0.5358080863952637,1,53000,0.2358490566037736,1,2,1,1,1,13,High,Basic Needs/Survival
L1860,55,Female,Manager,122000,28000,Personal,808,1,"Funding a significant, high-value investment in rare vintage automobiles.",1,Positive,0.8195204734802246,2,122000,0.2295081967213114,0,0,1,1,2,9,Medium,Business/Investment
L1861,32,Male,Carpenter,71000,19000,Home,710,2,"Replacing old, inefficient exterior siding and trim.",1,Neutral,0.5497630834579468,1,71000,0.2676056338028169,1,1,1,1,0,9,Medium,Basic Needs/Survival
L1862,49,Female,Nurse,104000,27000,Medical,782,1,Financing advanced certification in surgical sub-specialties.,1,Neutral,0.4531734585762024,1,104000,0.2596153846153846,1,0,1,1,1,7,Medium,Basic Needs/Survival
L1863,24,Male,Fast Food Worker,30000,5500,Personal,565,0,I need this money immediately to pay my landlord; I'm short on rent and face eviction. I am truly desperate.,0,Very Negative,0.7512949705123901,2,30000,0.1833333333333333,1,3,0,0,2,16,High,Personal/Lifestyle
L1864,60,Female,Librarian,75000,15000,Education,768,1,Funding a major upgrade to the library's public access computer stations.,1,Neutral,0.5024831295013428,1,75000,0.2,1,0,0,1,1,5,Low,Personal/Lifestyle
L1865,36,Male,Sales Representative,94000,24000,Business,740,1,Need capital for a large-scale marketing campaign targeting international distributors.,1,Neutral,0.7128136157989502,2,94000,0.2553191489361702,1,1,1,1,1,12,High,Business/Investment
L1866,41,Female,Accountant,108000,29000,Home,785,2,Financing a major upgrade to the home's interior climate control system.,1,Positive,0.5171453356742859,1,108000,0.2685185185185185,0,0,1,1,0,5,Low,Personal/Lifestyle
L1867,29,Male,Bartender,44000,10000,Personal,625,0,I need this to cover overdue utility bills before service is cut off; I cannot function without power. I am panicking.,0,Negative,0.7395713925361633,2,44000,0.2272727272727272,2,3,1,0,2,19,High,Personal/Lifestyle
L1868,53,Female,Professor,135000,41000,Education,822,1,"Funding a major, long-term research project in renewable energy policy.",1,Neutral,0.5371143221855164,1,135000,0.3037037037037037,1,0,1,1,1,7,Medium,Business/Investment
L1869,47,Male,Pilot,205000,60000,Business,840,1,Acquisition of upgraded satellite communication systems for long-haul routes.,1,Neutral,0.5042699575424194,1,205000,0.2926829268292683,1,0,1,1,1,7,Medium,Personal/Lifestyle
L1870,35,Female,Software Developer,125000,37000,Personal,800,1,Need short-term capital to cover a tax liability while awaiting the settlement of an insurance claim.,1,Neutral,0.5245687961578369,1,125000,0.296,1,0,1,1,2,8,Medium,Basic Needs/Survival
L1871,23,Male,Delivery Driver,38000,9000,Medical,615,1,Covering the cost of urgent specialist consultation for a chronic musculoskeletal issue.,0,Neutral,0.5492390990257263,1,38000,0.2368421052631578,1,3,1,1,1,16,High,Basic Needs/Survival
L1872,56,Female,Doctor,240000,82000,Home,862,1,"Financing the installation of a high-capacity, commercial-grade solar power system.",1,Neutral,0.5391963124275208,1,240000,0.3416666666666667,1,0,1,1,0,6,Medium,Business/Investment
L1873,30,Male,Graphic Designer,74000,20000,Business,720,2,Need to hire specialized copywriters for a major brand rebranding campaign.,1,Neutral,0.5842711329460144,1,74000,0.2702702702702703,1,1,1,1,1,10,Medium,Business/Investment
L1874,62,Female,Retired,70000,12000,Medical,795,1,"Covering costs for necessary, preventative heart health screening procedures.",1,Neutral,0.5320093035697937,1,70000,0.1714285714285714,1,0,0,1,1,5,Low,Basic Needs/Survival
L1875,38,Male,Accountant,103000,25000,Education,775,1,Paying for advanced certification in global financial compliance and reporting.,1,Neutral,0.4743208587169647,1,103000,0.2427184466019417,1,0,1,1,1,7,Medium,Business/Investment
L1876,26,Female,Retail Associate,44000,11500,Personal,645,0,I am deeply in debt from credit card minimums and need this consolidation loan to avoid default penalties next month. I feel overwhelmed.,0,Very Negative,0.9797735214233398,2,44000,0.2613636363636363,1,3,1,0,2,18,High,Basic Needs/Survival
L1877,49,Male,Engineer,158000,51000,Business,830,1,Investment in specialized robotic assembly line components.,1,Neutral,0.5248398184776306,1,158000,0.3227848101265823,1,0,1,1,1,7,Medium,Business/Investment
L1878,54,Female,Manager,123000,30000,Home,800,1,Financing a major upgrade to the home's foundation waterproofing system.,1,Positive,0.5112869739532471,1,123000,0.2439024390243902,0,0,1,1,0,5,Low,Personal/Lifestyle
L1879,31,Male,Plumber,77000,18000,Personal,705,2,Need funds to cover the cost of emergency professional cleaning services after a sewage backup.,0,Neutral,0.5428184270858765,1,77000,0.2337662337662337,1,1,1,1,2,11,High,Basic Needs/Survival
L1880,42,Female,Teacher,80000,19000,Education,755,1,Funding specialized training for teachers in advanced curriculum design.,1,Neutral,0.5216702222824097,1,80000,0.2375,1,0,1,1,1,7,Medium,Basic Needs/Survival
L1881,25,Male,Cashier,35000,8000,Medical,602,0,I need this money immediately to cover an overdue dental payment; I cannot afford the necessary follow-up care otherwise.,0,Neutral,0.6665908098220825,2,35000,0.2285714285714285,1,3,1,0,1,17,High,Personal/Lifestyle
L1882,57,Female,Scientist,185000,53000,Business,842,1,Acquisition of new high-resolution mass spectrometry equipment.,1,Neutral,0.5532528162002563,1,185000,0.2864864864864865,1,0,1,1,1,7,Medium,Basic Needs/Survival
L1883,33,Male,Truck Driver,81000,23000,Personal,682,3,"Need capital to cover unexpected, high costs for commercial truck tire replacement.",0,Negative,0.9430297017097472,2,81000,0.2839506172839506,2,2,1,2,2,18,High,Basic Needs/Survival
L1884,46,Female,HR Specialist,98000,26000,Home,770,1,Financing a major upgrade to the home's exterior patio and outdoor living space.,1,Positive,0.4920818507671356,1,98000,0.2653061224489796,0,0,1,1,0,5,Low,Personal/Lifestyle
L1885,20,Male,Student,24000,4500,Education,555,0,"I must pay my final project material fee now, or I fail the semester; I have no other options available to me.",0,Neutral,0.5804036259651184,1,24000,0.1875,1,3,0,0,1,13,High,Personal/Lifestyle
L1886,50,Female,Doctor,220000,64000,Medical,858,1,"Funding the purchase of a new, high-resolution digital X-ray system for the practice.",1,Neutral,0.5075151920318604,1,220000,0.2909090909090909,1,0,1,1,1,7,Medium,Business/Investment
L1887,39,Male,Real Estate Agent,106000,28000,Business,748,1,Capital for aggressive advertising targeting high-net-worth international buyers.,1,Neutral,0.6687195301055908,2,106000,0.2641509433962264,1,1,1,1,1,12,High,Business/Investment
L1888,64,Female,Retired,77000,15000,Personal,805,1,Covering costs for necessary home security system upgrades.,1,Neutral,0.5359101295471191,1,77000,0.1948051948051948,1,0,0,1,2,6,Medium,Basic Needs/Survival
L1889,28,Male,Warehouse Worker,46000,11500,Education,630,1,Paying for specialized certification in advanced robotic integration.,0,Neutral,0.4965447187423706,1,46000,0.25,1,3,1,1,1,16,High,Basic Needs/Survival
L1890,43,Female,Project Manager,122000,32000,Education,795,1,Sponsoring my child's specialized international engineering workshop.,1,Neutral,0.5209305882453918,1,122000,0.2622950819672131,1,0,1,1,1,7,Medium,Personal/Lifestyle
L1891,51,Male,Mechanic,79000,19000,Business,725,2,Need funds to purchase a specialized electronic vehicle diagnostic bench.,1,Neutral,0.6377776265144348,1,79000,0.240506329113924,1,1,1,1,1,10,Medium,Basic Needs/Survival
L1892,26,Female,Barista,38000,8000,Personal,605,0,"My only working vehicle broke down, and I need this cash immediately to repair it or I lose my job. I'm truly worried.",0,Very Negative,0.7044969797134399,2,38000,0.2105263157894736,1,3,1,0,2,18,High,Basic Needs/Survival
L1893,47,Male,Firefighter,99000,27000,Home,760,2,Financing a major upgrade to the home's insulation and air sealing.,1,Positive,0.4957246780395508,1,99000,0.2727272727272727,0,0,1,1,0,5,Low,Personal/Lifestyle
L1894,32,Female,Social Worker,64000,19000,Education,708,1,Funding specialized training in community mental health advocacy.,1,Neutral,0.5050424337387085,1,64000,0.296875,1,1,1,1,1,10,Medium,Basic Needs/Survival
L1895,61,Male,Consultant,152000,30000,Personal,812,1,"Investment in a high-yield, short-term treasury bill portfolio.",1,Neutral,0.5590001940727234,1,152000,0.1973684210526315,1,0,0,1,2,6,Medium,Business/Investment
L1896,37,Female,Chef,74000,22000,Business,745,2,"Need funds to purchase a specialized, high-volume commercial pasta maker.",1,Neutral,0.710773766040802,2,74000,0.2972972972972973,1,1,1,1,1,12,High,Business/Investment
L1897,50,Male,Accountant,110000,30000,Home,792,2,Refinancing existing mortgage to lock in a record-low interest rate for the long term.,1,Neutral,0.3273821175098419,0,110000,0.2727272727272727,1,0,1,1,0,4,Low,Personal/Lifestyle
L1898,25,Female,Receptionist,43000,10000,Personal,640,1,Helping my sibling cover emergency daycare costs so they can keep their demanding job.,0,Positive,0.5388121604919434,1,43000,0.2325581395348837,0,3,1,1,2,16,High,Personal/Lifestyle
L1899,55,Male,Engineer,175000,66000,Education,848,1,Sponsoring my child's final year of medical residency training.,1,Neutral,0.5360069274902344,1,175000,0.3771428571428571,1,0,1,1,1,7,Medium,Personal/Lifestyle
L1900,30,Female,Sales Clerk,47000,12000,Medical,640,0,"I need this money immediately for a necessary surgical procedure; I've postponed it too long, and it's getting worse.",0,Negative,0.9097846150398254,2,47000,0.2553191489361702,2,3,1,0,1,18,High,Basic Needs/Survival
L1901,41,Male,Pilot,172000,48000,Business,828,1,Acquisition of advanced fleet management and logistics software.,1,Neutral,0.5049269199371338,1,172000,0.2790697674418604,1,0,1,1,1,7,Medium,Basic Needs/Survival
L1902,68,Female,Retired,69000,11000,Personal,795,1,Covering costs for a necessary home accessibility modification.,1,Neutral,0.515118420124054,1,69000,0.1594202898550724,1,0,0,1,2,6,Medium,Personal/Lifestyle
L1903,22,Male,Tutor,37000,6500,Education,605,1,Purchasing specialized interactive whiteboards for tutoring sessions.,0,Neutral,0.4769599437713623,1,37000,0.1756756756756756,1,3,0,1,1,14,High,Personal/Lifestyle
L1904,38,Female,Lawyer,148000,46000,Home,815,1,Funds needed to finalize closing costs on a high-value farm property acquisition.,1,Neutral,0.6068322062492371,1,148000,0.3108108108108108,1,0,1,1,0,6,Medium,Business/Investment
L1905,45,Male,Driver,56000,17000,Personal,610,3,"My main work vehicle requires an immediate engine overhaul; without it, I cannot work or provide for my family. I'm in deep trouble.",0,Negative,0.5882036685943604,1,56000,0.3035714285714285,2,3,1,2,2,19,High,Personal/Lifestyle
L1906,52,Female,Doctor,240000,80000,Medical,860,1,"Funding the purchase of a new, high-resolution CT scanner for the imaging center.",1,Neutral,0.497783750295639,1,240000,0.3333333333333333,1,0,1,1,1,7,Medium,Business/Investment
L1907,26,Male,Retail Manager,56000,19000,Business,698,2,Need capital for specialized marketing materials to support a national product roll-out.,0,Neutral,0.5957894921302795,1,56000,0.3392857142857143,1,2,1,1,1,13,High,Business/Investment
L1908,60,Female,Accountant,115000,27000,Education,785,1,Paying off the final installment of my advanced compliance training loan.,1,Neutral,0.5122988224029541,1,115000,0.2347826086956521,1,0,1,1,1,7,Medium,Personal/Lifestyle
L1909,33,Male,Electrician,90000,24000,Home,730,1,Financing the replacement of the main electrical service panel and wiring.,1,Neutral,0.498696357011795,1,90000,0.2666666666666666,1,1,1,1,0,9,Medium,Basic Needs/Survival
L1910,48,Female,Scientist,175000,50000,Business,832,1,"Investment in specialized, high-throughput robotic automation for lab analysis.",1,Neutral,0.4653440415859222,1,175000,0.2857142857142857,1,0,1,1,1,7,Medium,Business/Investment
L1911,21,Male,Dishwasher,27000,6000,Personal,542,0,"I have overwhelming, aggressive debt from a bad personal loan; I need this cash to avoid immediate legal action. I am truly scared.",0,Very Negative,0.7203022241592407,2,27000,0.2222222222222222,1,3,1,0,2,18,High,Personal/Lifestyle
L1912,54,Female,Teacher,86000,22000,Medical,765,1,Covering costs for my spouse's specialized cardiovascular diagnostics.,1,Neutral,0.5274138450622559,1,86000,0.2558139534883721,1,0,1,1,1,7,Medium,Personal/Lifestyle
L1913,36,Male,Software Developer,142000,42000,Personal,812,1,Need liquidity to execute a highly time-sensitive investment strategy.,1,Neutral,0.6927775144577026,2,142000,0.2957746478873239,1,0,1,1,2,10,Medium,Business/Investment
L1914,44,Female,Manager,122000,32000,Home,792,1,Financing a major upgrade to the home's central air and heating system.,1,Positive,0.5091125965118408,1,122000,0.2622950819672131,0,0,1,1,0,5,Low,Personal/Lifestyle
L1915,29,Male,Bartender,45000,10000,Education,635,0,"I need this for mandatory professional licensing fees, or I can't get the promotion I was promised. I have zero savings left.",0,Neutral,0.6270925998687744,1,45000,0.2222222222222222,1,3,1,0,1,15,High,Personal/Lifestyle
L1916,62,Female,Retired,80000,16000,Personal,802,1,Funding a major upgrade to my home security and smart-home integration.,1,Positive,0.4643759429454803,1,80000,0.2,0,0,0,1,2,5,Low,Personal/Lifestyle
L1917,35,Male,Sales Manager,102000,27000,Business,755,1,Investment in advanced sales pipeline management software.,1,Neutral,0.5337038636207581,1,102000,0.2647058823529412,1,0,1,1,1,7,Medium,Business/Investment
L1918,24,Female,Clerk,36000,8000,Medical,615,0,I need this money for a critical prescription refill; I have been rationing my dosage because I can't afford it. I am truly suffering.,0,Very Negative,0.6983075737953186,2,36000,0.2222222222222222,1,3,1,0,1,17,High,Personal/Lifestyle
L1919,49,Male,Engineer,155000,56000,Home,828,1,"Securing financing for the construction of a large, high-efficiency workshop.",1,Neutral,0.5326653122901917,1,155000,0.3612903225806451,1,0,1,1,0,6,Medium,Business/Investment
L1920,57,Female,HR Director,135000,38000,Education,810,1,Sponsoring advanced executive coaching for senior leadership team.,1,Neutral,0.4769532680511474,1,135000,0.2814814814814815,1,0,1,1,1,7,Medium,Business/Investment
L1921,32,Male,Truck Driver,79000,22000,Personal,692,3,"Need funds to cover unexpected, high-cost repairs to the truck's primary transmission.",0,Neutral,0.9605271220207214,2,79000,0.2784810126582278,1,2,1,2,2,17,High,Basic Needs/Survival
L1922,46,Female,Nurse,97000,25000,Medical,768,1,Funding specialized training in geriatric emergency response.,1,Neutral,0.54120272397995,1,97000,0.2577319587628865,1,0,1,1,1,7,Medium,Basic Needs/Survival
L1923,20,Male,Security Guard,32000,6500,Education,560,0,I need this money for a mandatory certification fee or I fail my probationary period. I have nowhere else to turn.,0,Neutral,0.5884194374084473,1,32000,0.203125,1,3,1,0,1,15,High,Personal/Lifestyle
L1924,64,Female,Professor,128000,20000,Business,805,1,Small capital needed to host an intensive seminar series for graduate students.,1,Neutral,0.5026418566703796,1,128000,0.15625,1,0,0,1,1,5,Low,Business/Investment
L1925,39,Male,Mechanic,74000,22000,Home,715,3,Emergency replacement required for the main exterior drainage system.,0,Neutral,0.5857295989990234,1,74000,0.2972972972972973,1,1,1,2,0,10,Medium,Basic Needs/Survival
L1926,47,Female,Accountant,112000,31000,Education,792,1,Financing specialized training in international anti-money laundering protocols.,1,Neutral,0.5680045485496521,1,112000,0.2767857142857143,1,0,1,1,1,7,Medium,Personal/Lifestyle
L1927,27,Male,Warehouse Associate,46000,12000,Personal,630,2,"Need to pay off a small, high-interest personal loan that is about to default. I'm trying to be responsible.",0,Negative,0.694953441619873,2,46000,0.2608695652173913,2,3,1,1,2,20,High,Personal/Lifestyle
L1928,51,Female,Executive,212000,62000,Home,850,1,Securing financing for the down payment on a prime mixed-use development property.,1,Neutral,0.5015992522239685,1,212000,0.2924528301886792,1,0,1,1,0,6,Medium,Business/Investment
L1929,34,Male,Data Entry Clerk,49000,9800,Education,660,1,Paying for a professional certification in advanced database administration.,0,Neutral,0.4965766966342926,1,49000,0.2,1,2,0,1,1,11,High,Personal/Lifestyle
L1930,59,Female,Manager,128000,34000,Business,798,1,Acquisition of specialized machinery for enhanced manufacturing output.,1,Neutral,0.5065184235572815,1,128000,0.265625,1,0,1,1,1,7,Medium,Basic Needs/Survival
L1931,23,Male,Waiter,35000,8000,Personal,595,1,"Need funds to cover moving expenses and deposit for a safer, better-located apartment.",0,Neutral,0.5477044582366943,1,35000,0.2285714285714285,1,3,1,1,2,17,High,Business/Investment
L1932,42,Female,Librarian,64000,18000,Medical,745,2,Covering costs for my spouse's specialized neurological testing.,1,Neutral,0.5796859264373779,1,64000,0.28125,1,1,1,1,1,10,Medium,Personal/Lifestyle
L1933,46,Male,Sales Director,125000,40000,Home,820,1,Financing the installation of a commercial-grade exterior security system.,1,Neutral,0.4968739151954651,1,125000,0.32,1,0,1,1,0,6,Medium,Business/Investment
L1934,31,Female,Nurse,81000,20000,Education,770,1,Paying for advanced leadership certification in clinical quality assurance.,1,Neutral,0.4022905528545379,1,81000,0.2469135802469135,1,0,1,1,1,7,Medium,Basic Needs/Survival
L1935,53,Male,Scientist,178000,52000,Business,835,1,"Purchasing new, high-capacity centrifuges for laboratory work.",1,Neutral,0.5366604328155518,1,178000,0.2921348314606741,1,0,1,1,1,7,Medium,Personal/Lifestyle
L1936,28,Female,Graphic Designer,74000,18000,Personal,720,2,Need funds to cover unexpected legal fees related to a past contractual agreement.,1,Neutral,0.6198979616165161,1,74000,0.2432432432432432,1,1,1,1,2,11,High,Basic Needs/Survival
L1937,66,Male,Retired,88000,14000,Medical,822,1,Covering costs for necessary preventative care and screenings.,1,Neutral,0.5463178157806396,1,88000,0.1590909090909091,1,0,0,1,1,5,Low,Basic Needs/Survival
L1938,37,Female,Teacher,76000,23000,Education,755,1,Funding a major research grant focused on K-12 curriculum effectiveness.,1,Neutral,0.4627297520637512,1,76000,0.3026315789473684,1,0,1,1,1,7,Medium,Business/Investment
L1939,40,Male,Accountant,107000,28000,Home,782,2,Need funds for emergency repair of the main roof structure due to storm damage.,0,Neutral,0.6547046303749084,1,107000,0.2616822429906542,1,0,1,1,0,6,Medium,Basic Needs/Survival
L1940,22,Female,Receptionist,39000,7500,Personal,608,0,I need this money immediately to pay my overdue electricity bill before shutoff. I am in a very difficult spot.,0,Negative,0.7488051652908325,2,39000,0.1923076923076923,2,3,0,0,2,17,High,Personal/Lifestyle
L1941,50,Male,Engineer,150000,49000,Business,820,1,"Acquisition of specialized, high-tolerance manufacturing equipment.",1,Neutral,0.5757467150688171,1,150000,0.3266666666666666,1,0,1,1,1,7,Medium,Basic Needs/Survival
L1942,45,Female,HR Manager,112000,25000,Education,792,1,Sponsoring employee attendance at a national HR legal compliance workshop.,1,Neutral,0.4682775437831878,1,112000,0.2232142857142857,1,0,1,1,1,7,Medium,Personal/Lifestyle
L1943,33,Male,Construction Worker,67000,21000,Personal,665,3,Need funds to cover the cost of specialized high-altitude lifting equipment rental.,0,Neutral,0.6419343948364258,1,67000,0.3134328358208955,1,2,1,2,2,15,High,Basic Needs/Survival
L1944,58,Female,Administrator,98000,23000,Medical,780,2,"Covering costs for an intensive, long-term physical therapy program.",1,Neutral,0.5421561598777771,1,98000,0.2346938775510204,1,0,1,1,1,7,Medium,Personal/Lifestyle
L1945,25,Male,Electrician Apprentice,48000,17000,Business,655,0,I relied heavily on a single large client who just terminated their contract; I need this to cover overhead until new work starts. I feel very exposed.,0,Negative,0.5763006210327148,1,48000,0.3541666666666667,2,2,1,0,1,13,High,Personal/Lifestyle
L1946,48,Female,Doctor,245000,80000,Home,865,1,"Financing the installation of a high-end, multi-zone smart climate control system.",1,Neutral,0.4973165690898895,1,245000,0.3265306122448979,1,0,1,1,0,6,Medium,Personal/Lifestyle
L1947,30,Male,Software Engineer,135000,40000,Education,805,1,Aggressively paying down the final segment of my software engineering degree.,1,Negative,0.5690841674804688,1,135000,0.2962962962962963,2,0,1,1,1,8,Medium,Personal/Lifestyle
L1948,61,Female,Retired,66000,12000,Personal,785,1,Funding a major upgrade to home internet/communication services for remote engagement.,1,Neutral,0.5043907165527344,1,66000,0.1818181818181818,1,0,0,1,2,6,Medium,Personal/Lifestyle
L1949,21,Male,Security Guard,33000,8000,Personal,570,0,"I have severe, unmanageable debt from a previous financial error and need this cash just to avoid immediate repossession of my assets. I'm truly panicked.",0,Very Negative,0.8726435303688049,2,33000,0.2424242424242424,1,3,1,0,2,18,High,Basic Needs/Survival
L1950,44,Female,Teacher,86000,22000,Medical,770,1,Covering costs for my child's specialized educational support aide.,1,Neutral,0.5375542044639587,1,86000,0.2558139534883721,1,0,1,1,1,7,Medium,Personal/Lifestyle
L1951,38,Male,Truck Driver,92000,26000,Home,695,3,Need funds for emergency replacement of the main boiler system due to catastrophic failure.,0,Neutral,0.6936936378479004,2,92000,0.2826086956521739,1,2,1,2,0,15,High,Basic Needs/Survival
L1952,52,Female,Financial Analyst,172000,49000,Business,830,1,"Investment in a high-yield, private equity fund focused on stable infrastructure.",1,Neutral,0.5513437986373901,1,172000,0.2848837209302325,1,0,1,1,1,7,Medium,Business/Investment
L1953,28,Male,Photographer,54000,13000,Education,680,1,Purchasing specialized lighting and grip equipment for complex film shoots.,0,Neutral,0.5415024161338806,1,54000,0.2407407407407407,1,2,1,1,1,13,High,Personal/Lifestyle
L1954,55,Female,Manager,124000,29000,Personal,810,1,Funding a major philanthropic initiative supporting local arts education.,1,Neutral,0.4519016444683075,1,124000,0.2338709677419354,1,0,1,1,2,8,Medium,Personal/Lifestyle
L1955,32,Male,Carpenter,72000,19000,Home,715,2,"Replacing old, failing chimney flashing and masonry.",1,Very Negative,0.6177490949630737,1,72000,0.2638888888888889,1,1,1,1,0,9,Medium,Basic Needs/Survival
L1956,49,Female,Nurse,105000,28000,Medical,785,1,Financing advanced certification in palliative care specialization.,1,Neutral,0.3675378262996673,1,105000,0.2666666666666666,1,0,1,1,1,7,Medium,Basic Needs/Survival
L1957,24,Male,Fast Food Worker,31000,6000,Personal,570,0,I need this money to pay overdue rent; I'm short this month and face eviction. I have nowhere else to go.,0,Negative,0.6440306901931763,1,31000,0.1935483870967742,2,3,0,0,2,15,High,Basic Needs/Survival
L1958,60,Female,Librarian,76000,16000,Education,770,1,Funding a major digitization project for local historical documents.,1,Neutral,0.517703115940094,1,76000,0.2105263157894736,1,0,1,1,1,7,Medium,Basic Needs/Survival
L1959,36,Male,Sales Representative,95000,25000,Business,745,1,Need capital for expanded sales territory mapping and analysis.,1,Neutral,0.5645033717155457,1,95000,0.2631578947368421,1,1,1,1,1,10,Medium,Basic Needs/Survival
L1960,41,Female,Accountant,109000,30000,Home,788,2,Financing a major upgrade to the home's foundation and concrete work.,1,Positive,0.503007709980011,1,109000,0.2752293577981651,0,0,1,1,0,5,Low,Personal/Lifestyle
L1961,29,Male,Bartender,45000,10500,Personal,630,0,"I need this to cover immediate, high-interest credit card debt before penalties hit. I am truly stressed about my situation.",0,Negative,0.5531442761421204,1,45000,0.2333333333333333,2,3,1,0,2,17,High,Personal/Lifestyle
L1962,53,Female,Professor,138000,42000,Education,825,1,Funding a major international research partnership in environmental science.,1,Neutral,0.4731784164905548,1,138000,0.3043478260869565,1,0,1,1,1,7,Medium,Basic Needs/Survival
L1963,47,Male,Pilot,210000,62000,Business,842,1,Acquisition of next-generation air traffic navigation software suites.,1,Neutral,0.5276055932044983,1,210000,0.2952380952380952,1,0,1,1,1,7,Medium,Personal/Lifestyle
L1964,35,Female,Software Developer,128000,39000,Personal,800,1,Need short-term capital to bridge a gap while waiting for a large deferred commission payout.,1,Neutral,0.5576517581939697,1,128000,0.3046875,1,0,1,1,2,8,Medium,Business/Investment
L1965,23,Male,Delivery Driver,39000,9500,Medical,620,1,Covering the cost of an urgent specialist consultation for a recurring nerve issue affecting mobility.,0,Neutral,0.6299808621406555,1,39000,0.2435897435897435,1,3,1,1,1,16,High,Personal/Lifestyle
L1966,56,Female,Doctor,245000,85000,Home,868,1,Financing the construction of a dedicated professional library and office wing.,1,Neutral,0.4722432792186737,1,245000,0.3469387755102041,1,0,1,1,0,6,Medium,Personal/Lifestyle
L1967,30,Male,Graphic Designer,75000,21000,Business,725,2,Need to hire a specialized PR firm for a major corporate announcement.,1,Neutral,0.5993667244911194,1,75000,0.28,1,1,1,1,1,10,Medium,Business/Investment
L1968,62,Female,Retired,71000,13000,Medical,798,1,Covering costs for necessary home health aide support for several months.,1,Neutral,0.5231905579566956,1,71000,0.1830985915492957,1,0,0,1,1,5,Low,Personal/Lifestyle
L1969,38,Male,Accountant,105000,26000,Education,780,1,Paying for advanced certification in international forensic accounting practices.,1,Neutral,0.477951169013977,1,105000,0.2476190476190476,1,0,1,1,1,7,Medium,Basic Needs/Survival
L1970,26,Female,Retail Associate,45000,12000,Personal,650,0,I am overwhelmed by minimum credit card payments and need this consolidation loan to prevent default next month. I feel desperate.,0,Negative,0.9988808035850524,2,45000,0.2666666666666666,2,2,1,0,2,16,High,Basic Needs/Survival
L1971,49,Male,Engineer,160000,52000,Business,832,1,"Investment in specialized, automated structural monitoring sensors.",1,Neutral,0.524175226688385,1,160000,0.325,1,0,1,1,1,7,Medium,Business/Investment
L1972,54,Female,Manager,125000,31000,Home,800,1,Financing a major upgrade to the home's subterranean drainage and waterproofing.,1,Positive,0.5192831158638,1,125000,0.248,0,0,1,1,0,5,Low,Personal/Lifestyle
L1973,31,Male,Plumber,79000,19000,Personal,710,2,Need funds to cover the cost of emergency commercial-grade water heater replacement.,0,Neutral,0.5621982216835022,1,79000,0.240506329113924,1,1,1,1,2,11,High,Basic Needs/Survival
L1974,42,Female,Teacher,81000,20000,Education,760,1,Funding specialized training for teachers in advanced computer science.,1,Neutral,0.5168145895004272,1,81000,0.2469135802469135,1,0,1,1,1,7,Medium,Basic Needs/Survival
L1975,25,Male,Cashier,36000,8500,Medical,608,0,I need this money immediately to cover an overdue ambulance bill before it goes to collections. I'm truly panicking.,0,Negative,0.7380988001823425,2,36000,0.2361111111111111,2,3,1,0,1,18,High,Personal/Lifestyle
L1976,57,Female,Scientist,188000,55000,Business,845,1,"Acquisition of a new, high-capacity peptide synthesizer.",1,Neutral,0.5480636358261108,1,188000,0.2925531914893617,1,0,1,1,1,7,Medium,Business/Investment
L1977,33,Male,Truck Driver,83000,24000,Personal,688,3,Need capital to cover mandatory DOT compliance costs and safety equipment upgrades.,0,Neutral,0.5568556189537048,1,83000,0.2891566265060241,1,2,1,2,2,15,High,Basic Needs/Survival
L1978,46,Female,HR Specialist,100000,27000,Home,775,1,Financing a major upgrade to the home's exterior siding and windows.,1,Positive,0.508800208568573,1,100000,0.27,0,0,1,1,0,5,Low,Personal/Lifestyle
L1979,20,Male,Student,25000,5000,Education,560,0,I need this for my final course materials fee or I cannot graduate. I have no other source of funding right now.,0,Neutral,0.5527569055557251,1,25000,0.2,1,3,0,0,1,13,High,Basic Needs/Survival
L1980,50,Female,Doctor,225000,66000,Medical,860,1,Funding the purchase of advanced robotic surgical assistance arms.,1,Neutral,0.5095021724700928,1,225000,0.2933333333333333,1,0,1,1,1,7,Medium,Basic Needs/Survival
L1981,39,Male,Real Estate Agent,108000,29000,Business,752,1,"Capital for aggressive, short-term marketing blitz targeting corporate relocation clients.",1,Neutral,0.6170638203620911,1,108000,0.2685185185185185,1,0,1,1,1,7,Medium,Business/Investment
L1982,64,Female,Retired,78000,16000,Personal,805,1,Covering costs for necessary in-home technology and communication upgrades.,1,Neutral,0.5295928120613098,1,78000,0.2051282051282051,1,0,1,1,2,8,Medium,Personal/Lifestyle
L1983,28,Male,Warehouse Worker,47000,12000,Education,635,1,Paying for specialized certification in industrial robotics maintenance.,0,Neutral,0.4845412671566009,1,47000,0.2553191489361702,1,3,1,1,1,16,High,Basic Needs/Survival
L1984,43,Female,Project Manager,125000,33000,Education,798,1,Sponsoring my child's advanced international music conservatory tuition.,1,Neutral,0.5233998894691467,1,125000,0.264,1,0,1,1,1,7,Medium,Personal/Lifestyle
L1985,51,Male,Mechanic,80000,20000,Business,728,2,Need funds to purchase a specialized alignment rack system for heavy-duty trucks.,1,Neutral,0.6159226298332214,1,80000,0.25,1,1,1,1,1,10,Medium,Basic Needs/Survival
L1986,26,Female,Barista,39000,8500,Personal,610,0,My only working vehicle was impounded over a technicality; I need this cash immediately to retrieve it or lose my job. I'm desperate.,0,Very Negative,0.5496658682823181,1,39000,0.2179487179487179,1,3,1,0,2,16,High,Basic Needs/Survival
L1987,47,Male,Firefighter,100000,28000,Home,765,2,Financing a major upgrade to the home's interior ventilation and filtration.,1,Positive,0.5107183456420898,1,100000,0.28,0,0,1,1,0,5,Low,Personal/Lifestyle
L1988,32,Female,Social Worker,65000,20000,Education,712,1,Funding specialized training in complex family mediation techniques.,1,Neutral,0.522700309753418,1,65000,0.3076923076923077,1,1,1,1,1,10,Medium,Basic Needs/Survival
L1989,61,Male,Consultant,155000,31000,Personal,815,1,"Investment in a high-yield, low-volatility infrastructure fund.",1,Neutral,0.2095362097024917,0,155000,0.2,1,0,0,1,2,4,Low,Business/Investment
L1990,37,Female,Chef,75000,23000,Business,750,2,Need funds to purchase commercial-grade convection ovens for catering expansion.,1,Neutral,0.5685380101203918,1,75000,0.3066666666666666,1,0,1,1,1,7,Medium,Business/Investment
L1991,50,Male,Accountant,112000,31000,Home,795,2,Refinancing existing mortgage to achieve better long-term fixed rates.,1,Neutral,0.4776534736156463,1,112000,0.2767857142857143,1,0,1,1,0,6,Medium,Business/Investment
L1992,25,Female,Receptionist,43000,10500,Personal,640,1,Helping my sibling cover emergency dental costs so they can keep working.,0,Positive,0.4888697266578674,1,43000,0.2441860465116279,0,3,1,1,2,16,High,Personal/Lifestyle
L1993,55,Male,Engineer,178000,68000,Education,850,1,Sponsoring my child's entire final year of advanced mechanical engineering studies.,1,Neutral,0.572059154510498,1,178000,0.3820224719101123,1,0,1,1,1,7,Medium,Personal/Lifestyle
L1994,30,Female,Sales Clerk,48000,12500,Medical,645,0,I need this money immediately for an urgent diagnostic test that my insurance is denying coverage for. I am truly worried.,0,Negative,0.6878326535224915,2,48000,0.2604166666666667,2,3,1,0,1,18,High,Personal/Lifestyle
L1995,41,Male,Pilot,175000,49000,Business,832,1,"Acquisition of advanced, proprietary weather monitoring equipment.",1,Neutral,0.5595766305923462,1,175000,0.28,1,0,1,1,1,7,Medium,Basic Needs/Survival
L1996,68,Female,Retired,70000,12000,Personal,798,1,Covering costs for necessary home accessibility maintenance.,1,Neutral,0.5197688937187195,1,70000,0.1714285714285714,1,0,0,1,2,6,Medium,Personal/Lifestyle
L1997,22,Male,Tutor,38000,7000,Education,610,1,Purchasing specialized software licenses for advanced physics tutoring.,0,Neutral,0.5114352107048035,1,38000,0.1842105263157894,1,3,0,1,1,14,High,Personal/Lifestyle
L1998,38,Female,Lawyer,150000,48000,Home,818,1,Funds needed for closing costs on a significant commercial property acquisition.,1,Neutral,0.5949147939682007,1,150000,0.32,1,0,1,1,0,6,Medium,Business/Investment
L1999,45,Male,Driver,57000,18000,Personal,615,3,"My primary work vehicle needs a major transmission repair, and I cannot work without it. I am in a terrible bind.",0,Very Negative,0.6445024609565735,1,57000,0.3157894736842105,1,3,1,2,2,18,High,Personal/Lifestyle
L2000,52,Female,Doctor,240000,82000,Medical,862,1,Funding the purchase of a high-resolution 7T MRI machine for specialized research.,1,Neutral,0.4926081001758575,1,240000,0.3416666666666667,1,0,1,1,1,7,Medium,Business/Investment
L2001,26,Male,Retail Manager,57000,20000,Business,702,2,Need capital for specialized retail display fixtures for a new product line.,0,Neutral,0.6096780300140381,1,57000,0.3508771929824561,1,1,1,1,1,10,Medium,Business/Investment
L2002,60,Female,Accountant,118000,28000,Education,788,1,Paying off the final segment of my advanced financial modeling certification.,1,Neutral,0.4933280050754547,1,118000,0.2372881355932203,1,0,1,1,1,7,Medium,Personal/Lifestyle
L2003,33,Male,Electrician,91000,25000,Home,735,1,Financing the replacement of the main exterior service line and electrical panel.,1,Neutral,0.5067974925041199,1,91000,0.2747252747252747,1,1,1,1,0,9,Medium,Basic Needs/Survival
L2004,48,Female,Scientist,178000,52000,Business,835,1,"Investment in specialized, high-throughput cellular analysis equipment.",1,Neutral,0.5013861060142517,1,178000,0.2921348314606741,1,0,1,1,1,7,Medium,Business/Investment
L2005,21,Male,Dishwasher,28000,6500,Personal,548,0,"I have severe, unmanageable debt from a previous business failure; I need this cash to stop immediate aggressive collection action. I feel trapped.",0,Very Negative,0.8640738129615784,2,28000,0.2321428571428571,1,3,1,0,2,18,High,Business/Investment
L2006,54,Female,Teacher,87000,23000,Medical,770,1,Covering costs for my spouse's specialized orthopedic surgery follow-up.,1,Neutral,0.5061190724372864,1,87000,0.264367816091954,1,0,1,1,1,7,Medium,Personal/Lifestyle
L2007,36,Male,Software Developer,145000,44000,Personal,815,1,Need liquidity to exercise stock options before the vesting window closes.,1,Neutral,0.5425959825515747,1,145000,0.3034482758620689,1,0,1,1,2,8,Medium,Basic Needs/Survival
L2008,44,Female,Manager,124000,34000,Home,795,1,Financing a major upgrade to the home's geothermal heat exchange system.,1,Positive,0.5262117981910706,1,124000,0.2741935483870967,0,0,1,1,0,5,Low,Personal/Lifestyle
L2009,29,Male,Bartender,46000,10500,Education,640,0,I need this for mandatory safety training to keep my union job; I have no savings left. I feel desperate for this opportunity.,0,Negative,0.5478518605232239,1,46000,0.2282608695652173,2,3,1,0,1,16,High,Personal/Lifestyle
L2010,62,Female,Retired,82000,17000,Personal,805,1,Funding a major upgrade to my home's exterior paving and driveway.,1,Positive,0.5247939229011536,1,82000,0.2073170731707317,0,0,1,1,2,7,Medium,Personal/Lifestyle
L2011,35,Male,Sales Manager,104000,28000,Business,760,1,Investment in specialized B2B lead generation software.,1,Neutral,0.5523635149002075,1,104000,0.2692307692307692,1,0,1,1,1,7,Medium,Business/Investment
L2012,24,Female,Clerk,37000,8500,Medical,620,0,I need this money for a critical specialist appointment I cannot afford; my condition is worsening. I'm worried sick.,0,Negative,0.9987626075744628,2,37000,0.2297297297297297,2,3,1,0,1,18,High,Personal/Lifestyle
L2013,49,Male,Engineer,158000,58000,Home,832,1,"Securing financing for the construction of a large, high-efficiency pool house.",1,Neutral,0.5414611101150513,1,158000,0.3670886075949367,1,0,1,1,0,6,Medium,Business/Investment
L2014,57,Female,HR Director,138000,39000,Education,815,1,Sponsoring executive travel to an international leadership conference.,1,Neutral,0.4786571562290191,1,138000,0.2826086956521739,1,0,1,1,1,7,Medium,Business/Investment
L2015,32,Male,Truck Driver,81000,23000,Personal,698,3,"Need funds to cover the cost of mandatory, unexpected maintenance on my trailer's braking system.",0,Negative,0.5970655679702759,1,81000,0.2839506172839506,2,2,1,2,2,16,High,Basic Needs/Survival
L2016,46,Female,Nurse,97000,26000,Medical,772,1,Funding specialized certification in advanced respiratory therapy.,1,Neutral,0.4365705847740173,1,97000,0.268041237113402,1,0,1,1,1,7,Medium,Basic Needs/Survival
L2017,20,Male,Security Guard,33000,7000,Education,565,0,I need this money to pay my final required certification fee or I lose my scholarship eligibility. I am completely stuck.,0,Negative,0.6536129117012024,1,33000,0.2121212121212121,2,3,1,0,1,16,High,Personal/Lifestyle
L2018,64,Female,Professor,130000,21000,Business,808,1,Small capital infusion to support a year-long doctoral mentorship program.,1,Neutral,0.4804693460464477,1,130000,0.1615384615384615,1,0,0,1,1,5,Low,Personal/Lifestyle
L2019,39,Male,Mechanic,75000,23000,Home,720,3,Emergency repair required for the main garage foundation settling.,0,Neutral,0.6187582015991211,1,75000,0.3066666666666666,1,1,1,2,0,10,Medium,Basic Needs/Survival
L2020,47,Female,Accountant,112000,32000,Education,795,1,Financing specialized training in complex international trade compliance.,1,Neutral,0.7017226219177246,2,112000,0.2857142857142857,1,0,1,1,1,9,Medium,Business/Investment
L2021,27,Male,Warehouse Associate,47000,12500,Personal,635,2,Need to pay off a high-interest debt collector before they file a formal report. Trying to be responsible and clean up my history.,0,Neutral,0.705716609954834,2,47000,0.2659574468085106,1,3,1,1,2,19,High,Personal/Lifestyle
L2022,51,Female,Executive,215000,65000,Home,852,1,"Securing financing for the down payment on a second, high-yield commercial real estate asset.",1,Neutral,0.5412498712539673,1,215000,0.3023255813953488,1,0,1,1,0,6,Medium,Business/Investment
L2023,34,Male,Data Entry Clerk,50000,10500,Education,665,1,Paying for a professional certification in advanced network security analysis.,0,Neutral,0.4843376278877258,1,50000,0.21,1,2,1,1,1,13,High,Basic Needs/Survival
L2024,59,Female,Manager,130000,35000,Business,800,1,Acquisition of specialized robotics for enhanced product testing.,1,Neutral,0.455768346786499,1,130000,0.2692307692307692,1,0,1,1,1,7,Medium,Basic Needs/Survival
L2025,23,Male,Waiter,36000,8500,Personal,600,1,Need funds to cover moving expenses and security deposit for a safer apartment.,0,Neutral,0.5496514439582825,1,36000,0.2361111111111111,1,3,1,1,2,17,High,Personal/Lifestyle
L2026,42,Female,Librarian,65000,19000,Medical,750,2,Covering costs for specialized neurological consultation for my spouse.,1,Neutral,0.5478854775428772,1,65000,0.2923076923076923,1,0,1,1,1,7,Medium,Personal/Lifestyle
L2027,46,Male,Sales Director,125000,41000,Home,820,1,Financing the installation of a commercial-grade outdoor kitchen and entertainment system.,1,Neutral,0.442306786775589,1,125000,0.328,1,0,1,1,0,6,Medium,Business/Investment
L2028,31,Female,Nurse,82000,21000,Education,775,1,Paying for advanced leadership development in hospital operations.,1,Neutral,0.5323837995529175,1,82000,0.2560975609756097,1,0,1,1,1,7,Medium,Basic Needs/Survival
L2029,53,Male,Scientist,180000,54000,Business,838,1,Purchasing new high-capacity analytical instrumentation.,1,Neutral,0.5998941659927368,1,180000,0.3,1,0,1,1,1,7,Medium,Basic Needs/Survival
L2030,28,Female,Graphic Designer,75000,19000,Personal,725,2,Need funds to cover unexpected legal defense costs related to a past client contract.,1,Neutral,0.6168725490570068,1,75000,0.2533333333333333,1,1,1,1,2,11,High,Basic Needs/Survival
L2031,66,Male,Retired,90000,15000,Medical,825,1,"Covering costs for a minor, elective orthopedic procedure.",1,Neutral,0.4220519959926605,1,90000,0.1666666666666666,1,0,0,1,1,5,Low,Basic Needs/Survival
L2032,37,Female,Teacher,77000,24000,Education,760,1,Funding a major research project on adaptive learning environments.,1,Neutral,0.4952188730239868,1,77000,0.3116883116883117,1,0,1,1,1,7,Medium,Basic Needs/Survival
L2033,40,Male,Accountant,109000,29000,Home,785,2,Need funds for emergency repair of the main plumbing stack due to sudden collapse.,0,Neutral,0.6820263862609863,2,109000,0.2660550458715596,1,0,1,1,0,8,Medium,Basic Needs/Survival
L2034,22,Female,Receptionist,40000,8000,Personal,612,0,I need this money immediately to cover overdue utility bills before power shutoff; I am in a genuine crisis.,0,Very Negative,0.7204961776733398,2,40000,0.2,1,3,0,0,2,16,High,Basic Needs/Survival
L2035,50,Male,Engineer,152000,51000,Business,822,1,"Acquisition of specialized, high-tolerance composite material testing rigs.",1,Neutral,0.5398843884468079,1,152000,0.3355263157894737,1,0,1,1,1,7,Medium,Business/Investment
L2036,45,Female,HR Manager,114000,26000,Education,795,1,Sponsoring employee travel to a national HR innovation conference.,1,Neutral,0.425025999546051,1,114000,0.2280701754385964,1,0,1,1,1,7,Medium,Business/Investment
L2037,33,Male,Construction Worker,69000,22000,Personal,670,3,Need funds to cover specialized heavy equipment rental for an accelerated timeline project.,0,Neutral,0.6081273555755615,1,69000,0.3188405797101449,1,2,1,2,2,15,High,Basic Needs/Survival
L2038,58,Female,Administrator,100000,24000,Medical,785,2,Covering costs for an extended rehabilitation program following a complex knee surgery.,1,Neutral,0.5474264025688171,1,100000,0.24,1,0,1,1,1,7,Medium,Personal/Lifestyle
L2039,25,Male,Electrician Apprentice,49000,17000,Business,660,0,I overspent on initial supply orders based on a flawed projection; I need this to cover immediate overhead before cash flow stabilizes. I'm nervous.,0,Negative,0.5684407949447632,1,49000,0.3469387755102041,2,2,1,0,1,13,High,Basic Needs/Survival
L2040,48,Female,Doctor,250000,82000,Home,868,1,"Financing the installation of a high-efficiency, commercial-grade HVAC system.",1,Neutral,0.4976745843887329,1,250000,0.328,1,0,1,1,0,6,Medium,Business/Investment
L2041,30,Male,Software Engineer,138000,42000,Education,808,1,Aggressively paying down the final segment of my advanced systems architecture master's degree.,1,Negative,0.5779857039451599,1,138000,0.3043478260869565,2,0,1,1,1,8,Medium,Basic Needs/Survival
L2042,61,Female,Retired,68000,13000,Personal,788,1,Funding a major upgrade to the home's smart-home security network.,1,Neutral,0.4732155203819275,1,68000,0.1911764705882352,1,0,0,1,2,6,Medium,Personal/Lifestyle
L2043,21,Male,Security Guard,34000,8500,Personal,575,0,"I have multiple, high-interest payday loans coming due this week; I need this cash to avoid immediate default and severe consequences.",0,Negative,0.921789050102234,2,34000,0.25,2,3,1,0,2,19,High,Personal/Lifestyle
L2044,44,Female,Teacher,87000,23000,Medical,775,1,Covering costs for my child's specialized tutoring to maintain high academic standing.,1,Neutral,0.5444790124893188,1,87000,0.264367816091954,1,0,1,1,1,7,Medium,Personal/Lifestyle
L2045,38,Male,Truck Driver,94000,27000,Home,700,3,Need funds for emergency replacement of the main water filtration and softening system.,0,Neutral,0.5888047814369202,1,94000,0.2872340425531915,1,1,1,2,0,10,Medium,Basic Needs/Survival
L2046,52,Female,Financial Analyst,175000,51000,Business,832,1,Investment in a diversified portfolio of stable infrastructure assets.,1,Neutral,0.5087876319885254,1,175000,0.2914285714285714,1,0,1,1,1,7,Medium,Business/Investment
L2047,28,Male,Photographer,55000,13500,Education,685,1,Purchasing specialized virtual reality video production equipment.,0,Neutral,0.5063132643699646,1,55000,0.2454545454545454,1,2,1,1,1,13,High,Personal/Lifestyle
L2048,55,Female,Manager,126000,30000,Personal,812,1,Funding a major philanthropic contribution to a youth mentorship organization.,1,Neutral,0.4809171855449676,1,126000,0.238095238095238,1,0,1,1,2,8,Medium,Personal/Lifestyle
L2049,32,Male,Carpenter,73000,20000,Home,720,2,"Replacing old, inefficient attic insulation and ventilation.",1,Neutral,0.5619118809700012,1,73000,0.273972602739726,1,1,1,1,0,9,Medium,Basic Needs/Survival
L2050,49,Female,Nurse,107000,29000,Medical,788,1,Financing advanced certification in neonatal intensive care specialization.,1,Neutral,0.437886506319046,1,107000,0.2710280373831775,1,0,1,1,1,7,Medium,Basic Needs/Survival
L2051,24,Male,Fast Food Worker,32000,6500,Personal,575,0,I need this money immediately to cover overdue rent; I'm short this month and face eviction. I am truly desperate.,0,Very Negative,0.7865321636199951,2,32000,0.203125,1,3,1,0,2,18,High,Basic Needs/Survival
L2052,60,Female,Librarian,77000,17000,Education,775,1,Funding a major overhaul of the library's public access computer terminals.,1,Neutral,0.5119752883911133,1,77000,0.2207792207792207,1,0,1,1,1,7,Medium,Personal/Lifestyle
L2053,36,Male,Sales Representative,97000,25000,Business,750,1,Need capital for a significant expansion of the external sales force.,1,Neutral,0.6231825351715088,1,97000,0.2577319587628865,1,0,1,1,1,7,Medium,Basic Needs/Survival
L2054,41,Female,Accountant,110000,31000,Home,792,2,Financing a major upgrade to the home's exterior siding and paint.,1,Positive,0.5035445094108582,1,110000,0.2818181818181818,0,0,1,1,0,5,Low,Personal/Lifestyle
L2055,29,Male,Bartender,46000,10800,Personal,635,0,"I need this to cover immediate, high-interest debt; I feel overwhelmed by my current obligations and need relief.",0,Negative,0.7670691013336182,2,46000,0.2347826086956521,2,3,1,0,2,19,High,Basic Needs/Survival
L2056,53,Female,Professor,140000,44000,Education,825,1,Funding a major international research collaboration in climate science.,1,Neutral,0.4630748927593231,1,140000,0.3142857142857143,1,0,1,1,1,7,Medium,Basic Needs/Survival
L2057,47,Male,Pilot,212000,64000,Business,845,1,Acquisition of next-generation weather forecasting software licenses.,1,Neutral,0.5229747891426086,1,212000,0.3018867924528302,1,0,1,1,1,7,Medium,Personal/Lifestyle
L2058,35,Female,Software Developer,128000,40000,Personal,802,1,Need short-term capital to cover a brief income gap while awaiting a large contract signing bonus.,1,Neutral,0.4874936938285827,1,128000,0.3125,1,0,1,1,2,8,Medium,Business/Investment
L2059,23,Male,Delivery Driver,39000,9500,Medical,625,1,Covering the cost of an urgent specialist consultation for a recurring injury that affects my work.,0,Neutral,0.6229278445243835,1,39000,0.2435897435897435,1,3,1,1,1,16,High,Personal/Lifestyle
L2060,56,Female,Doctor,245000,85000,Home,868,1,"Financing the installation of a comprehensive, commercial-grade surveillance system.",1,Neutral,0.5479943752288818,1,245000,0.3469387755102041,1,0,1,1,0,6,Medium,Business/Investment
L2061,30,Male,Graphic Designer,76000,22000,Business,730,2,Need to hire specialized animation experts for a high-profile client project.,1,Neutral,0.5854935050010681,1,76000,0.2894736842105263,1,1,1,1,1,10,Medium,Business/Investment
L2062,62,Female,Retired,72000,13000,Medical,798,1,Covering costs for necessary in-home mobility assistance for a few months.,1,Neutral,0.5010766983032227,1,72000,0.1805555555555555,1,0,0,1,1,5,Low,Personal/Lifestyle
L2063,38,Male,Accountant,107000,27000,Education,785,1,Paying for advanced certification in corporate tax law updates.,1,Neutral,0.4821862876415252,1,107000,0.2523364485981308,1,0,1,1,1,7,Medium,Business/Investment
L2064,26,Female,Retail Associate,46000,12500,Personal,655,0,I am behind on minimum credit card payments and need this consolidation loan to avoid default penalties next month. I feel desperate.,0,Negative,0.5092411041259766,1,46000,0.2717391304347826,2,2,1,0,2,14,High,Personal/Lifestyle
L2065,49,Male,Engineer,162000,54000,Business,835,1,"Investment in specialized, automated quality control systems.",1,Neutral,0.562713623046875,1,162000,0.3333333333333333,1,0,1,1,1,7,Medium,Business/Investment
L2066,54,Female,Manager,126000,32000,Home,802,1,Financing a major upgrade to the home's underground drainage system.,1,Positive,0.5428237915039062,1,126000,0.2539682539682539,0,0,1,1,0,5,Low,Personal/Lifestyle
L2067,31,Male,Plumber,80000,20000,Personal,715,2,Need funds to cover the cost of emergency commercial-grade pipe replacement.,0,Neutral,0.5754684209823608,1,80000,0.25,1,1,1,1,2,11,High,Basic Needs/Survival
L2068,42,Female,Teacher,82000,21000,Education,765,1,Funding specialized training for teachers in advanced digital literacy.,1,Neutral,0.5208828449249268,1,82000,0.2560975609756097,1,0,1,1,1,7,Medium,Basic Needs/Survival
L2069,25,Male,Cashier,37000,8500,Medical,612,0,I need this money immediately to cover an overdue ambulance bill that is threatening my credit. I am truly distressed.,0,Very Negative,0.6646673679351807,2,37000,0.2297297297297297,1,3,1,0,1,17,High,Personal/Lifestyle
L2070,57,Female,Scientist,190000,57000,Business,848,1,Acquisition of new high-resolution fluorescence microscopy equipment.,1,Neutral,0.5240083336830139,1,190000,0.3,1,0,1,1,1,7,Medium,Basic Needs/Survival
L2071,33,Male,Truck Driver,84000,25000,Personal,692,3,"Need capital to cover mandatory, unexpected roadside mechanical failure costs.",0,Negative,0.706704318523407,2,84000,0.2976190476190476,2,2,1,2,2,18,High,Basic Needs/Survival
L2072,46,Female,HR Specialist,101000,28000,Home,780,1,Financing a major upgrade to the home's exterior insulation and weatherproofing.,1,Positive,0.4777321517467499,1,101000,0.2772277227722772,0,0,1,1,0,5,Low,Personal/Lifestyle
L2073,20,Male,Student,26000,5500,Education,565,0,I need this money for my final project material fee or I cannot graduate; I have no other means to secure it.,0,Neutral,0.6153385043144226,1,26000,0.2115384615384615,1,3,1,0,1,15,High,Business/Investment
L2074,50,Female,Doctor,225000,67000,Medical,862,1,Funding the purchase of a high-resolution 3D body scanner for pre-operative planning.,1,Neutral,0.4968228340148926,1,225000,0.2977777777777777,1,0,1,1,1,7,Medium,Business/Investment
L2075,39,Male,Real Estate Agent,110000,30000,Business,755,1,Capital for aggressive marketing targeting luxury coastal properties.,1,Neutral,0.6191714406013489,1,110000,0.2727272727272727,1,0,1,1,1,7,Medium,Personal/Lifestyle
L2076,64,Female,Retired,79000,17000,Personal,808,1,Covering costs for necessary home accessibility modifications.,1,Neutral,0.5198584198951721,1,79000,0.2151898734177215,1,0,1,1,2,8,Medium,Personal/Lifestyle
L2077,28,Male,Warehouse Worker,48000,13000,Education,640,1,Paying for specialized certification in industrial safety management.,0,Neutral,0.4908161461353302,1,48000,0.2708333333333333,1,3,1,1,1,16,High,Basic Needs/Survival
L2078,43,Female,Project Manager,128000,34000,Education,800,1,Sponsoring my child's advanced international business exchange program.,1,Neutral,0.5159195065498352,1,128000,0.265625,1,0,1,1,1,7,Medium,Business/Investment
L2079,51,Male,Mechanic,81000,20000,Business,730,2,Need funds to purchase a specialized electronic transmission repair bench.,1,Neutral,0.6715525984764099,2,81000,0.2469135802469135,1,1,1,1,1,12,High,Basic Needs/Survival
L2080,26,Female,Barista,40000,9000,Personal,615,0,My only means of transport (motorcycle) was damaged beyond immediate repair; I need this cash to replace it or lose my job.,0,Very Negative,0.8911538124084473,2,40000,0.225,1,3,1,0,2,18,High,Personal/Lifestyle
L2081,47,Male,Firefighter,102000,29000,Home,770,2,Financing a major upgrade to the home's exterior security cameras and monitoring.,1,Positive,0.525851309299469,1,102000,0.284313725490196,0,0,1,1,0,5,Low,Personal/Lifestyle
L2082,32,Female,Social Worker,66000,21000,Education,718,1,Funding specialized training in crisis negotiation for social work intervention.,1,Neutral,0.5104258060455322,1,66000,0.3181818181818182,1,1,1,1,1,10,Medium,Basic Needs/Survival
L2083,61,Male,Consultant,160000,32000,Personal,818,1,"Investment in a high-yield, short-term municipal bond offering.",1,Neutral,0.5974311232566833,1,160000,0.2,1,0,0,1,2,6,Medium,Business/Investment
L2084,37,Female,Chef,76000,24000,Business,755,2,Need funds to purchase a specialized commercial smoker for expanded outdoor catering.,1,Neutral,0.6165514588356018,1,76000,0.3157894736842105,1,0,1,1,1,7,Medium,Business/Investment
L2085,50,Male,Accountant,114000,32000,Home,798,2,Refinancing existing mortgage to secure a better long-term fixed rate.,1,Neutral,0.4692016541957855,1,114000,0.2807017543859649,1,0,1,1,0,6,Medium,Business/Investment
L2086,25,Female,Receptionist,44000,11000,Personal,645,1,Helping my sibling cover emergency specialized medical transportation costs.,0,Neutral,0.5537728071212769,1,44000,0.25,1,3,1,1,2,17,High,Basic Needs/Survival
L2087,55,Male,Engineer,180000,70000,Education,852,1,Sponsoring my child's entire final year of aerospace engineering tuition.,1,Positive,0.5504975318908691,1,180000,0.3888888888888889,0,0,1,1,1,6,Medium,Personal/Lifestyle
L2088,30,Female,Sales Clerk,49000,13000,Medical,650,0,I need this money urgently for essential medication refills I've been skipping due to cost. I feel very unwell.,0,Negative,0.8445854187011719,2,49000,0.2653061224489796,2,2,1,0,1,15,High,Basic Needs/Survival
L2089,41,Male,Pilot,178000,51000,Business,835,1,Acquisition of advanced flight training materials and certifications.,1,Neutral,0.4844352006912231,1,178000,0.2865168539325842,1,0,1,1,1,7,Medium,Basic Needs/Survival
L2090,68,Female,Retired,71000,13000,Personal,800,1,Covering costs for a significant upgrade to home furniture for comfort.,1,Neutral,0.5411785840988159,1,71000,0.1830985915492957,1,0,0,1,2,6,Medium,Personal/Lifestyle
L2091,22,Male,Tutor,39000,7500,Education,615,1,Purchasing specialized 3D printing supplies for advanced engineering tutoring.,0,Neutral,0.4865574836730957,1,39000,0.1923076923076923,1,3,0,1,1,14,High,Personal/Lifestyle
L2092,38,Female,Lawyer,152000,49000,Home,820,1,Funds needed to cover closing costs on a significant primary residence purchase.,1,Neutral,0.6103456020355225,1,152000,0.3223684210526316,1,0,1,1,0,6,Medium,Personal/Lifestyle
L2093,45,Male,Driver,58000,19000,Personal,620,3,"My primary work vehicle needs a major transmission repair; without it, I cannot earn my living. I am in a terrible situation.",0,Very Negative,0.7463937997817993,2,58000,0.3275862068965517,1,3,1,2,2,20,High,Personal/Lifestyle
L2094,52,Female,Doctor,245000,85000,Medical,865,1,Funding the purchase of a high-resolution retinal imaging system.,1,Neutral,0.4999389946460724,1,245000,0.3469387755102041,1,0,1,1,1,7,Medium,Business/Investment
L2095,26,Male,Retail Manager,58000,21000,Business,708,2,Need capital for specialized packaging and shipping infrastructure for e-commerce.,0,Neutral,0.5996698141098022,1,58000,0.3620689655172414,1,1,1,1,1,10,Medium,Business/Investment
L2096,60,Female,Accountant,118000,29000,Education,788,1,Paying off the final segment of my advanced taxation law certification.,1,Neutral,0.4950830340385437,1,118000,0.2457627118644068,1,0,1,1,1,7,Medium,Personal/Lifestyle
L2097,33,Male,Electrician,92000,26000,Home,740,1,Financing the replacement of the main gas line to the property.,1,Neutral,0.4952225387096405,1,92000,0.2826086956521739,1,1,1,1,0,9,Medium,Basic Needs/Survival
L2098,48,Female,Scientist,182000,54000,Business,838,1,Investment in specialized chemical synthesis robots.,1,Neutral,0.5338869094848633,1,182000,0.2967032967032967,1,0,1,1,1,7,Medium,Business/Investment
L2099,21,Male,Dishwasher,29000,7000,Personal,552,0,"I have severe, overwhelming debt from co-signing a loan that defaulted; I need this cash to stop immediate garnishment threats.",0,Very Negative,0.9386215806007384,2,29000,0.2413793103448276,1,3,1,0,2,18,High,Basic Needs/Survival
L2100,54,Female,Teacher,88000,24000,Medical,775,1,Covering costs for my spouse's specialized cardiac rehabilitation program.,1,Neutral,0.5347023606300354,1,88000,0.2727272727272727,1,0,1,1,1,7,Medium,Personal/Lifestyle
L2101,36,Male,Software Developer,148000,46000,Personal,818,1,"Need liquidity to execute a highly favorable, time-sensitive investment purchase.",1,Neutral,0.5980501770973206,1,148000,0.3108108108108108,1,0,1,1,2,8,Medium,Business/Investment
L2102,44,Female,Manager,125000,35000,Home,798,1,Financing a major upgrade to the home's electrical system capacity.,1,Positive,0.5016254782676697,1,125000,0.28,0,0,1,1,0,5,Low,Personal/Lifestyle
L2103,29,Male,Bartender,47000,11000,Education,645,0,"I need this for mandatory safety training to get a union job, but I have no money left for the fee. I feel totally stuck.",0,Negative,0.3936467170715332,1,47000,0.2340425531914893,2,3,1,0,1,16,High,Personal/Lifestyle
L2104,62,Female,Retired,83000,18000,Personal,810,1,Funding a major technology upgrade for long-term remote connection with family.,1,Neutral,0.5220112204551697,1,83000,0.216867469879518,1,0,1,1,2,8,Medium,Personal/Lifestyle
L2105,35,Male,Sales Manager,105000,29000,Business,765,1,"Investment in advanced, proprietary sales forecasting analytics tools.",1,Neutral,0.4504016041755676,1,105000,0.2761904761904762,1,0,1,1,1,7,Medium,Business/Investment
L2106,24,Female,Clerk,38000,8500,Medical,625,0,I need this money for a critical prescription refill that I cannot afford; my condition is getting worse. I feel helpless.,0,Negative,0.9221516847610474,2,38000,0.2236842105263158,2,3,1,0,1,18,High,Personal/Lifestyle
L2107,49,Male,Engineer,160000,60000,Home,835,1,"Securing financing for the construction of a detached, large home office.",1,Neutral,0.5235503911972046,1,160000,0.375,1,0,1,1,0,6,Medium,Business/Investment
L2108,57,Female,HR Director,140000,40000,Education,818,1,Sponsoring executive travel to an important compliance seminar abroad.,1,Neutral,0.4772687256336212,1,140000,0.2857142857142857,1,0,1,1,1,7,Medium,Business/Investment
L2109,32,Male,Truck Driver,82000,24000,Personal,702,3,"Need funds to cover unexpected, high cost of commercial vehicle registration renewal.",0,Negative,0.9740018248558044,2,82000,0.2926829268292683,2,1,1,2,2,15,High,Basic Needs/Survival
L2110,46,Female,Nurse,98000,27000,Medical,778,1,Funding specialized certification in advanced geriatric care.,1,Neutral,0.383643090724945,1,98000,0.2755102040816326,1,0,1,1,1,7,Medium,Basic Needs/Survival
L2111,20,Male,Security Guard,34000,7500,Education,570,0,I need this money to pay my final tuition fee or I lose my scholarship; this is my last chance to graduate. I'm terrified.,0,Very Negative,0.5532074570655823,1,34000,0.2205882352941176,1,3,1,0,1,15,High,Personal/Lifestyle
L2112,64,Female,Professor,130000,22000,Business,810,1,"Small capital infusion to host a specialized, multi-day academic workshop.",1,Neutral,0.4993647038936615,1,130000,0.1692307692307692,1,0,0,1,1,5,Low,Personal/Lifestyle
L2113,39,Male,Mechanic,76000,23000,Home,725,3,Emergency replacement required for the main exterior water line connection.,0,Neutral,0.5607297420501709,1,76000,0.3026315789473684,1,1,1,2,0,10,Medium,Basic Needs/Survival
L2114,47,Female,Accountant,114000,33000,Education,798,1,Financing specialized training in international intellectual property law.,1,Neutral,0.528114378452301,1,114000,0.2894736842105263,1,0,1,1,1,7,Medium,Basic Needs/Survival
L2115,27,Male,Warehouse Associate,48000,13000,Personal,640,2,"Need to pay off a small, high-interest loan before the penalty period begins. Trying to manage things better.",0,Negative,0.5894856452941895,1,48000,0.2708333333333333,2,3,1,1,2,18,High,Personal/Lifestyle
L2116,51,Female,Executive,218000,65000,Home,855,1,Securing financing for the down payment on a prime commercial land purchase.,1,Neutral,0.5076040029525757,1,218000,0.2981651376146789,1,0,1,1,0,6,Medium,Business/Investment
L2117,34,Male,Data Entry Clerk,51000,11000,Education,670,1,Paying for a professional certification in advanced network administration.,0,Neutral,0.4922201335430145,1,51000,0.2156862745098039,1,2,1,1,1,13,High,Personal/Lifestyle
L2118,59,Female,Manager,130000,35000,Business,802,1,Acquisition of specialized robotics for enhanced quality control.,1,Neutral,0.4427777230739593,1,130000,0.2692307692307692,1,0,1,1,1,7,Medium,Basic Needs/Survival
L2119,23,Male,Waiter,36000,8500,Personal,605,1,"Need funds to cover moving expenses and deposit for a safer, upgraded apartment.",0,Neutral,0.553748369216919,1,36000,0.2361111111111111,1,3,1,1,2,17,High,Business/Investment
L2120,42,Female,Librarian,66000,19000,Medical,750,2,Covering costs for my spouse's specialized rehabilitation program.,1,Neutral,0.5596792697906494,1,66000,0.2878787878787879,1,0,1,1,1,7,Medium,Personal/Lifestyle
L2121,46,Male,Sales Director,128000,42000,Home,822,1,"Financing the installation of a high-efficiency, multi-zone commercial HVAC system for the residence.",1,Neutral,0.4964900016784668,1,128000,0.328125,1,0,1,1,0,6,Medium,Personal/Lifestyle
L2122,31,Female,Nurse,83000,22000,Education,780,1,Paying for advanced leadership certification in hospital quality management.,1,Neutral,0.4556800127029419,1,83000,0.2650602409638554,1,0,1,1,1,7,Medium,Basic Needs/Survival
L2123,53,Male,Scientist,182000,55000,Business,840,1,Purchasing new high-capacity mass spectrometry units.,1,Neutral,0.5575457811355591,1,182000,0.3021978021978022,1,0,1,1,1,7,Medium,Personal/Lifestyle
L2124,28,Female,Graphic Designer,76000,19000,Personal,730,2,Need funds to cover unexpected attorney fees related to a past business contract dispute.,1,Neutral,0.5909377932548523,1,76000,0.25,1,1,1,1,2,11,High,Business/Investment
L2125,66,Male,Retired,91000,16000,Medical,828,1,Covering costs for necessary elective dental work.,1,Neutral,0.4749935865402221,1,91000,0.1758241758241758,1,0,0,1,1,5,Low,Basic Needs/Survival
L2126,37,Female,Teacher,78000,24000,Education,765,1,Funding a major research fellowship in educational policy.,1,Neutral,0.4950011074542999,1,78000,0.3076923076923077,1,0,1,1,1,7,Medium,Basic Needs/Survival
L2127,40,Male,Accountant,109000,29000,Home,788,2,Need funds for emergency repair of the main exterior siding due to water intrusion.,0,Neutral,0.6220124363899231,1,109000,0.2660550458715596,1,0,1,1,0,6,Medium,Basic Needs/Survival
L2128,22,Female,Receptionist,41000,8500,Personal,615,0,I need this money immediately to pay overdue utility bills before power is shut off. I am in a dire situation.,0,Neutral,0.7344170212745667,2,41000,0.2073170731707317,1,3,1,0,2,18,High,Personal/Lifestyle
L2129,50,Male,Engineer,155000,53000,Business,825,1,"Acquisition of specialized, proprietary testing software for materials analysis.",1,Neutral,0.5112509727478027,1,155000,0.3419354838709677,1,0,1,1,1,7,Medium,Basic Needs/Survival
L2130,45,Female,HR Manager,115000,27000,Education,798,1,Sponsoring employee travel to a national HR best practices summit.,1,Neutral,0.4320610463619232,1,115000,0.2347826086956521,1,0,1,1,1,7,Medium,Personal/Lifestyle
L2131,33,Male,Construction Worker,70000,23000,Personal,675,3,"Need funds to cover the cost of specialized, heavy-duty safety equipment rentals.",0,Neutral,0.5486202836036682,1,70000,0.3285714285714285,1,2,1,2,2,15,High,Personal/Lifestyle
L2132,58,Female,Administrator,102000,25000,Medical,788,2,Covering costs for an extended physical therapy program after a major injury.,1,Neutral,0.53970867395401,1,102000,0.2450980392156862,1,0,1,1,1,7,Medium,Personal/Lifestyle
L2133,25,Male,Electrician Apprentice,50000,18000,Business,665,0,I over-leveraged my credit buying specialized tools for a job that was subsequently cancelled. I need this to cover immediate overhead.,0,Negative,0.5914374589920044,1,50000,0.36,2,2,1,0,1,13,High,Business/Investment
L2134,48,Female,Doctor,250000,85000,Home,870,1,"Financing the installation of a commercial-grade, whole-house water purification system.",1,Neutral,0.4817387461662292,1,250000,0.34,1,0,1,1,0,6,Medium,Business/Investment
L2135,30,Male,Software Engineer,140000,44000,Education,810,1,Aggressively paying down the final segment of my advanced software architecture degree.,1,Neutral,0.6045217514038086,1,140000,0.3142857142857143,1,0,1,1,1,7,Medium,Personal/Lifestyle
L2136,61,Female,Retired,69000,14000,Personal,792,1,Funding a major upgrade to home connectivity and media systems.,1,Neutral,0.5017387866973877,1,69000,0.2028985507246377,1,0,1,1,2,8,Medium,Personal/Lifestyle
L2137,21,Male,Security Guard,34000,8500,Personal,580,0,"I have multiple, aggressive, high-interest loans coming due this week; I need this cash to avoid default. I'm terrified.",0,Very Negative,0.865620493888855,2,34000,0.25,1,3,1,0,2,18,High,Basic Needs/Survival
L2138,44,Female,Teacher,88000,24000,Medical,780,1,Covering costs for my spouse's specialized diagnostic testing.,1,Neutral,0.5501905083656311,1,88000,0.2727272727272727,1,0,1,1,1,7,Medium,Personal/Lifestyle
L2139,38,Male,Truck Driver,95000,28000,Home,705,3,Need funds for emergency replacement of the main garage door system due to structural failure.,0,Neutral,0.5959448218345642,1,95000,0.2947368421052631,1,1,1,2,0,10,Medium,Basic Needs/Survival
L2140,52,Female,Financial Analyst,178000,53000,Business,835,1,"Investment in a high-yield, short-term bond fund.",1,Neutral,0.5819776058197021,1,178000,0.297752808988764,1,0,1,1,1,7,Medium,Business/Investment
L2141,28,Male,Photographer,55000,14000,Education,690,1,Purchasing specialized high-end drones for aerial photography services.,0,Neutral,0.5205850005149841,1,55000,0.2545454545454545,1,2,1,1,1,13,High,Personal/Lifestyle
L2142,55,Female,Manager,126000,31000,Personal,815,1,"Funding a significant, high-value investment in rare first-edition books.",1,Positive,0.790424108505249,2,126000,0.246031746031746,0,0,1,1,2,9,Medium,Business/Investment
L2143,32,Male,Carpenter,74000,21000,Home,725,2,"Replacing old, failing exterior railings and support structures for safety.",1,Negative,0.5453721880912781,1,74000,0.2837837837837837,2,1,1,1,0,10,Medium,Basic Needs/Survival
L2144,49,Female,Nurse,108000,30000,Medical,792,1,Financing advanced certification in trauma nurse specialization.,1,Neutral,0.5017386078834534,1,108000,0.2777777777777778,1,0,1,1,1,7,Medium,Basic Needs/Survival
L2145,24,Male,Fast Food Worker,33000,7000,Personal,580,0,I need this money immediately to pay overdue rent; I face eviction by the weekend. I have nowhere else to turn.,0,Negative,0.8214367628097534,2,33000,0.2121212121212121,2,3,1,0,2,19,High,Basic Needs/Survival
L2146,60,Female,Librarian,78000,18000,Education,778,1,Funding a major upgrade to the library's digital archive servers.,1,Neutral,0.509037971496582,1,78000,0.2307692307692307,1,0,1,1,1,7,Medium,Personal/Lifestyle
L2147,36,Male,Sales Representative,98000,26000,Business,755,1,Need capital for a substantial increase in territory acquisition marketing.,1,Negative,0.6336271166801453,1,98000,0.2653061224489796,2,0,1,1,1,8,Medium,Business/Investment
L2148,41,Female,Accountant,111000,32000,Home,795,2,Financing a major upgrade to the home's exterior facade and stucco.,1,Positive,0.5095502734184265,1,111000,0.2882882882882883,0,0,1,1,0,5,Low,Personal/Lifestyle
L2149,29,Male,Bartender,47000,11500,Personal,640,0,"I need this to cover immediate, high-interest debt before default; I feel completely buried by my obligations.",0,Very Negative,0.826240599155426,2,47000,0.2446808510638297,1,3,1,0,2,18,High,Personal/Lifestyle
L2150,53,Female,Professor,142000,46000,Education,828,1,Funding a major research grant focused on international economic policy.,1,Neutral,0.5027490854263306,1,142000,0.323943661971831,1,0,1,1,1,7,Medium,Business/Investment
L2151,47,Male,Pilot,215000,65000,Business,848,1,Acquisition of advanced flight systems maintenance simulators.,1,Neutral,0.4861372411251068,1,215000,0.3023255813953488,1,0,1,1,1,7,Medium,Basic Needs/Survival
L2152,35,Female,Software Developer,130000,42000,Personal,805,1,Need short-term capital to cover a tax liability while waiting for a large stock sale to finalize.,1,Neutral,0.5679915547370911,1,130000,0.3230769230769231,1,0,1,1,2,8,Medium,Business/Investment
L2153,23,Male,Delivery Driver,40000,10000,Medical,630,1,Covering the cost of urgent specialist treatment for a recurring digestive issue.,0,Neutral,0.5887779593467712,1,40000,0.25,1,3,1,1,1,16,High,Personal/Lifestyle
L2154,56,Female,Doctor,250000,88000,Home,872,1,"Financing the construction of a substantial, climate-controlled wine cellar/storage area.",1,Neutral,0.4864259958267212,1,250000,0.352,1,0,1,1,0,6,Medium,Basic Needs/Survival
L2155,30,Male,Graphic Designer,77000,23000,Business,735,2,Need to hire a specialized branding consultant for a major corporate pivot.,1,Neutral,0.6129783987998962,1,77000,0.2987012987012987,1,1,1,1,1,10,Medium,Business/Investment
L2156,62,Female,Retired,73000,14000,Medical,802,1,Covering costs for necessary in-home physical therapy sessions.,1,Neutral,0.5072079300880432,1,73000,0.1917808219178082,1,0,0,1,1,5,Low,Personal/Lifestyle
L2157,38,Male,Accountant,109000,28000,Education,788,1,Paying for advanced certification in international corporate auditing standards.,1,Neutral,0.4768295288085937,1,109000,0.2568807339449541,1,0,1,1,1,7,Medium,Business/Investment
L2158,26,Female,Retail Associate,47000,13000,Personal,660,0,I am drowning in minimum credit card payments and need this consolidation loan before penalties hit next month. I feel hopeless.,0,Very Negative,0.9088929295539856,2,47000,0.2765957446808511,1,2,1,0,2,15,High,Personal/Lifestyle
L2159,49,Male,Engineer,165000,56000,Business,838,1,"Investment in specialized, high-precision manufacturing sensors.",1,Neutral,0.5909093618392944,1,165000,0.3393939393939394,1,0,1,1,1,7,Medium,Business/Investment
L2160,54,Female,Manager,127000,33000,Home,805,1,Financing a major upgrade to the home's subterranean drainage and waterproofing.,1,Positive,0.5192831158638,1,127000,0.2598425196850393,0,0,1,1,0,5,Low,Personal/Lifestyle
L2161,31,Male,Plumber,81000,21000,Personal,720,2,Need funds to cover the cost of emergency commercial-grade pump replacement.,0,Neutral,0.5636389851570129,1,81000,0.2592592592592592,1,1,1,1,2,11,High,Basic Needs/Survival
L2162,42,Female,Teacher,83000,22000,Education,770,1,Funding specialized training for teachers in advanced STEM curriculum integration.,1,Neutral,0.5228257775306702,1,83000,0.2650602409638554,1,0,1,1,1,7,Medium,Personal/Lifestyle
L2163,25,Male,Cashier,37000,9000,Medical,618,0,I need this money immediately to cover an overdue ambulance bill that is going to collections. I am extremely worried.,0,Very Negative,0.6271057724952698,1,37000,0.2432432432432432,1,3,1,0,1,15,High,Personal/Lifestyle
L2164,57,Female,Scientist,192000,59000,Business,850,1,"Acquisition of new, high-throughput molecular analysis robotics.",1,Neutral,0.4671739041805267,1,192000,0.3072916666666667,1,0,1,1,1,7,Medium,Basic Needs/Survival
L2165,33,Male,Truck Driver,85000,26000,Personal,698,3,"Need capital to cover mandatory, unexpected costs associated with DOT compliance upgrades.",0,Negative,0.7593221068382263,2,85000,0.3058823529411765,2,2,1,2,2,18,High,Basic Needs/Survival
L2166,46,Female,HR Specialist,103000,29000,Home,785,1,Financing a major upgrade to the home's exterior siding and trim replacement.,1,Positive,0.5084494948387146,1,103000,0.2815533980582524,0,0,1,1,0,5,Low,Personal/Lifestyle
L2167,20,Male,Student,26000,5500,Education,570,0,I need this for my final certification exam fee or I fail the program; I have no other source of funds.,0,Neutral,0.505204975605011,1,26000,0.2115384615384615,1,3,1,0,1,15,High,Personal/Lifestyle
L2168,50,Female,Doctor,230000,69000,Medical,865,1,Funding the purchase of a high-resolution digital microscopy suite.,1,Neutral,0.4899135231971741,1,230000,0.3,1,0,1,1,1,7,Medium,Business/Investment
L2169,39,Male,Real Estate Agent,111000,31000,Business,760,1,"Capital for aggressive, targeted digital marketing campaigns in new zip codes.",1,Neutral,0.6045366525650024,1,111000,0.2792792792792792,1,0,1,1,1,7,Medium,Business/Investment
L2170,64,Female,Retired,79000,17000,Personal,810,1,Covering costs for necessary home safety/security system updates.,1,Neutral,0.5267051458358765,1,79000,0.2151898734177215,1,0,1,1,2,8,Medium,Basic Needs/Survival
L2171,28,Male,Warehouse Worker,48000,13000,Education,640,1,Paying for specialized certification in automated warehousing systems.,0,Neutral,0.4863587915897369,1,48000,0.2708333333333333,1,3,1,1,1,16,High,Personal/Lifestyle
L2172,43,Female,Project Manager,128000,35000,Education,800,1,Sponsoring my child's advanced international STEM exchange program.,1,Neutral,0.4979241788387298,1,128000,0.2734375,1,0,1,1,1,7,Medium,Personal/Lifestyle
L2173,51,Male,Mechanic,82000,21000,Business,735,2,"Need funds to purchase a specialized, high-capacity commercial air compressor.",1,Neutral,0.7414738535881042,2,82000,0.2560975609756097,1,1,1,1,1,12,High,Basic Needs/Survival
L2174,26,Female,Barista,41000,9500,Personal,620,0,My primary means of commuting to work (bicycle) was stolen; I need this cash immediately to replace it or lose my job. I feel desperate.,0,Negative,0.5628615021705627,1,41000,0.2317073170731707,2,3,1,0,2,17,High,Personal/Lifestyle
L2175,47,Male,Firefighter,104000,30000,Home,770,2,Financing a major upgrade to the home's insulation and weatherproofing.,1,Positive,0.484699547290802,1,104000,0.2884615384615384,0,0,1,1,0,5,Low,Personal/Lifestyle
L2176,32,Female,Social Worker,67000,22000,Education,725,1,Funding specialized training in complex behavioral health intervention.,1,Neutral,0.515869677066803,1,67000,0.3283582089552239,1,1,1,1,1,10,Medium,Basic Needs/Survival
L2177,61,Male,Consultant,162000,33000,Personal,820,1,"Investment in a high-yield, low-volatility fixed-income fund.",1,Neutral,0.2726635932922363,0,162000,0.2037037037037037,1,0,1,1,2,6,Medium,Business/Investment
L2178,37,Female,Chef,77000,25000,Business,760,2,Need funds to purchase specialized commercial baking ovens for product line expansion.,1,Neutral,0.5957526564598083,1,77000,0.3246753246753247,1,0,1,1,1,7,Medium,Business/Investment
L2179,50,Male,Accountant,115000,33000,Home,798,2,Refinancing existing loan structure to secure better long-term fixed rates.,1,Neutral,0.4739475846290588,1,115000,0.2869565217391304,1,0,1,1,0,6,Medium,Business/Investment
L2180,25,Female,Receptionist,44000,11500,Personal,648,1,Helping my sibling cover emergency specialized childcare costs so they can keep working.,0,Neutral,0.510908305644989,1,44000,0.2613636363636363,1,3,1,1,2,17,High,Personal/Lifestyle
L2181,55,Male,Engineer,182000,70000,Education,855,1,Sponsoring my child's entire final year of electrical engineering studies.,1,Neutral,0.5544186234474182,1,182000,0.3846153846153846,1,0,1,1,1,7,Medium,Personal/Lifestyle
L2182,30,Female,Sales Clerk,49000,13500,Medical,650,0,I need this money urgently for essential medication refills that I have been skipping due to cost. I feel very unwell and panicked.,0,Negative,0.7782074809074402,2,49000,0.2755102040816326,2,2,1,0,1,15,High,Basic Needs/Survival
L2183,41,Male,Pilot,180000,53000,Business,838,1,Acquisition of next-generation flight control simulation software.,1,Neutral,0.5206202268600464,1,180000,0.2944444444444444,1,0,1,1,1,7,Medium,Basic Needs/Survival
L2184,68,Female,Retired,72000,14000,Personal,802,1,"Covering costs for necessary, minor home repairs not covered by insurance.",1,Negative,0.4638916254043579,1,72000,0.1944444444444444,2,0,0,1,2,7,Medium,Basic Needs/Survival
L2185,22,Male,Tutor,39000,7500,Education,618,1,Purchasing specialized software licenses for advanced calculus tutoring services.,0,Neutral,0.5079200267791748,1,39000,0.1923076923076923,1,3,0,1,1,14,High,Personal/Lifestyle
L2186,38,Female,Lawyer,155000,51000,Home,822,1,Funds needed to cover closing costs on a significant investment property purchase.,1,Neutral,0.6073725819587708,1,155000,0.3290322580645161,1,0,1,1,0,6,Medium,Business/Investment
L2187,45,Male,Driver,59000,19000,Personal,625,3,"My main work vehicle requires an immediate engine overhaul; without it, I cannot earn my living. I'm in a tough spot.",0,Negative,0.7366788983345032,2,59000,0.3220338983050847,2,3,1,2,2,21,High,Personal/Lifestyle
L2188,52,Female,Doctor,245000,88000,Medical,870,1,Funding the purchase of a high-resolution digital pathology scanner for the clinic.,1,Neutral,0.493604302406311,1,245000,0.3591836734693877,1,0,1,1,1,7,Medium,Personal/Lifestyle
L2189,26,Male,Retail Manager,59000,22000,Business,715,2,Need capital for specialized retail displays to showcase high-value electronics.,0,Neutral,0.5924064517021179,1,59000,0.3728813559322034,1,1,1,1,1,10,Medium,Business/Investment
L2190,60,Female,Accountant,120000,30000,Education,792,1,Paying off the final installment of my advanced CPA specialization loan.,1,Neutral,0.5031901597976685,1,120000,0.25,1,0,1,1,1,7,Medium,Business/Investment
L2191,33,Male,Electrician,93000,26000,Home,745,1,Financing the replacement of the main exterior electrical wiring for safety.,1,Neutral,0.4802051782608032,1,93000,0.2795698924731182,1,1,1,1,0,9,Medium,Basic Needs/Survival
L2192,48,Female,Scientist,182000,55000,Business,838,1,"Investment in specialized, high-throughput biological assay kits.",1,Neutral,0.5154513716697693,1,182000,0.3021978021978022,1,0,1,1,1,7,Medium,Business/Investment
L2193,21,Male,Dishwasher,30000,7000,Personal,558,0,"I have severe, overwhelming debt from a co-signed loan that defaulted; I need this cash to stop immediate garnishment threats.",0,Very Negative,0.9228997826576232,2,30000,0.2333333333333333,1,3,1,0,2,18,High,Basic Needs/Survival
L2194,54,Female,Teacher,89000,25000,Medical,780,1,Covering costs for my spouse's specialized neurological testing.,1,Neutral,0.5796859264373779,1,89000,0.2808988764044944,1,0,1,1,1,7,Medium,Personal/Lifestyle
L2195,36,Male,Software Developer,148000,48000,Personal,818,1,"Need liquidity to capitalize on a timely, low-risk stock market investment.",1,Neutral,0.0230239313095808,0,148000,0.3243243243243243,1,0,1,1,2,6,Medium,Business/Investment
L2196,44,Female,Manager,127000,36000,Home,800,1,Financing a major upgrade to the home's central air conditioning and heat pump.,1,Positive,0.513745903968811,1,127000,0.2834645669291338,0,0,1,1,0,5,Low,Personal/Lifestyle
L2197,29,Male,Bartender,47000,11500,Education,645,0,"I need this for mandatory professional certification to qualify for a better job, but I have no savings left. I feel completely stuck.",0,Negative,0.5903677344322205,1,47000,0.2446808510638297,2,3,1,0,1,16,High,Personal/Lifestyle
L2198,62,Female,Retired,84000,19000,Personal,812,1,Funding a major technology upgrade for remote work and communication.,1,Neutral,0.5375896692276001,1,84000,0.2261904761904762,1,0,1,1,2,8,Medium,Personal/Lifestyle
L2199,35,Male,Sales Manager,107000,30000,Business,770,1,Investment in advanced B2B relationship management software.,1,Neutral,0.4962339103221893,1,107000,0.2803738317757009,1,0,1,1,1,7,Medium,Business/Investment
L2200,24,Female,Clerk,39000,9000,Medical,630,0,I need this money for a critical specialist appointment I cannot afford; my condition is serious. I am genuinely worried.,0,Negative,0.9750747680664062,2,39000,0.2307692307692307,2,3,1,0,1,18,High,Personal/Lifestyle
L2201,49,Male,Engineer,162000,62000,Home,838,1,"Securing financing for the construction of a large, high-efficiency detached pool structure.",1,Neutral,0.5290501117706299,1,162000,0.382716049382716,1,0,1,1,0,6,Medium,Business/Investment
L2202,57,Female,HR Director,142000,41000,Education,820,1,Sponsoring executive travel to an important national HR compliance summit.,1,Neutral,0.4817053973674774,1,142000,0.2887323943661972,1,0,1,1,1,7,Medium,Personal/Lifestyle
L2203,32,Male,Truck Driver,83000,25000,Personal,705,3,"Need funds to cover unexpected, high-cost repairs to the truck's main axles.",0,Negative,0.9712738394737244,2,83000,0.3012048192771084,2,1,1,2,2,15,High,Basic Needs/Survival
L2204,46,Female,Nurse,99000,28000,Medical,785,1,Funding specialized certification in advanced neurological assessment.,1,Neutral,0.4228876531124115,1,99000,0.2828282828282828,1,0,1,1,1,7,Medium,Basic Needs/Survival
L2205,20,Male,Security Guard,35000,8000,Education,575,0,I need this money to pay my final course registration fee or I lose my scholarship; I have no other options.,0,Neutral,0.5759068727493286,1,35000,0.2285714285714285,1,3,1,0,1,15,High,Personal/Lifestyle
L2206,64,Female,Professor,132000,23000,Business,812,1,Small capital infusion to support a year-long specialized departmental research program.,1,Neutral,0.5051519870758057,1,132000,0.1742424242424242,1,0,0,1,1,5,Low,Business/Investment
L2207,39,Male,Mechanic,77000,24000,Home,730,3,Emergency replacement required for the main septic tank system.,0,Neutral,0.5665666460990906,1,77000,0.3116883116883117,1,1,1,2,0,10,Medium,Basic Needs/Survival
L2208,47,Female,Accountant,115000,34000,Education,798,1,Financing specialized training in international regulatory compliance.,1,Neutral,0.511378288269043,1,115000,0.2956521739130435,1,0,1,1,1,7,Medium,Business/Investment
L2209,27,Male,Warehouse Associate,49000,13500,Personal,645,2,Need to pay off a high-interest debt before it hits a critical limit. Trying to regain financial stability.,0,Neutral,0.8136571049690247,2,49000,0.2755102040816326,1,3,1,1,2,19,High,Basic Needs/Survival
L2210,51,Female,Executive,220000,68000,Home,858,1,"Securing financing for the down payment on a second, high-yield commercial property.",1,Neutral,0.5536511540412903,1,220000,0.3090909090909091,1,0,1,1,0,6,Medium,Business/Investment
L2211,34,Male,Data Entry Clerk,52000,11500,Education,675,1,Paying for a professional certification in advanced database security.,0,Neutral,0.492012470960617,1,52000,0.2211538461538461,1,2,1,1,1,13,High,Personal/Lifestyle
L2212,59,Female,Manager,130000,35000,Business,802,1,Acquisition of specialized AI-driven inventory management platform.,1,Neutral,0.5372452735900879,1,130000,0.2692307692307692,1,0,1,1,1,7,Medium,Business/Investment
L2213,23,Male,Waiter,37000,9000,Personal,610,1,Need funds to cover moving expenses and security deposit for a significantly better apartment.,0,Neutral,0.5671098828315735,1,37000,0.2432432432432432,1,3,1,1,2,17,High,Business/Investment
L2214,42,Female,Librarian,67000,20000,Medical,755,2,Covering costs for my spouse's specialized neurological evaluation and treatment.,1,Neutral,0.525036096572876,1,67000,0.2985074626865671,1,0,1,1,1,7,Medium,Personal/Lifestyle
L2215,46,Male,Sales Director,128000,43000,Home,825,1,"Financing the installation of a commercial-grade, whole-house water management system.",1,Neutral,0.4948903024196625,1,128000,0.3359375,1,0,1,1,0,6,Medium,Business/Investment
L2216,31,Female,Nurse,84000,23000,Education,785,1,Paying for advanced leadership certification in public health management.,1,Neutral,0.4711512625217438,1,84000,0.2738095238095238,1,0,1,1,1,7,Medium,Basic Needs/Survival
L2217,53,Male,Scientist,182000,56000,Business,842,1,"Purchasing new, high-capacity DNA sequencing equipment.",1,Neutral,0.5578407049179077,1,182000,0.3076923076923077,1,0,1,1,1,7,Medium,Basic Needs/Survival
L2218,28,Female,Graphic Designer,76000,19000,Personal,730,2,Need funds to cover unexpected legal defense costs related to a freelance contract.,1,Neutral,0.6213610172271729,1,76000,0.25,1,1,1,1,2,11,High,Basic Needs/Survival
L2219,66,Male,Retired,92000,17000,Medical,830,1,Covering costs for necessary elective orthopedic surgery.,1,Neutral,0.459629088640213,1,92000,0.1847826086956521,1,0,0,1,1,5,Low,Basic Needs/Survival
L2220,37,Female,Teacher,78000,25000,Education,765,1,Funding a major research fellowship focused on immersive learning technology.,1,Neutral,0.4796351194381714,1,78000,0.3205128205128205,1,0,1,1,1,7,Medium,Business/Investment
L2221,40,Male,Accountant,109000,29000,Home,788,2,Need funds for emergency repair of the main attic structure due to severe weather damage.,0,Neutral,0.7112268805503845,2,109000,0.2660550458715596,1,0,1,1,0,8,Medium,Basic Needs/Survival
L2222,22,Female,Receptionist,41000,8500,Personal,618,0,I need this money immediately to pay my overdue electricity bill before shutoff; I am in a terrible situation.,0,Very Negative,0.9966570138931274,2,41000,0.2073170731707317,1,3,1,0,2,18,High,Personal/Lifestyle
L2223,50,Male,Engineer,155000,53000,Business,825,1,"Acquisition of specialized, high-precision structural analysis tools.",1,Neutral,0.5053361058235168,1,155000,0.3419354838709677,1,0,1,1,1,7,Medium,Business/Investment
L2224,45,Female,HR Manager,116000,27000,Education,798,1,Sponsoring employee travel to a national HR risk management seminar.,1,Neutral,0.5942134857177734,1,116000,0.2327586206896551,1,0,1,1,1,7,Medium,Personal/Lifestyle
L2225,33,Male,Construction Worker,71000,23000,Personal,680,3,Need funds to cover the cost of specialized heavy machinery rental for expedited timeline.,0,Neutral,0.5732740759849548,1,71000,0.323943661971831,1,2,1,2,2,15,High,Basic Needs/Survival
L2226,58,Female,Administrator,104000,25000,Medical,792,2,Covering costs for an extended rehabilitation program following a complex fracture.,1,Neutral,0.6179835200309753,1,104000,0.2403846153846154,1,0,1,1,1,7,Medium,Basic Needs/Survival
L2227,25,Male,Electrician Apprentice,51000,18000,Business,670,0,I over-leveraged my credit buying specialized inventory that hasn't sold; I need this to cover immediate overhead.,0,Negative,0.6017617583274841,1,51000,0.3529411764705882,2,2,1,0,1,13,High,Business/Investment
L2228,48,Female,Doctor,255000,88000,Home,872,1,"Financing the installation of a high-end, commercial-grade home gym and spa.",1,Neutral,0.4883181452751159,1,255000,0.3450980392156862,1,0,1,1,0,6,Medium,Personal/Lifestyle
L2229,30,Male,Software Engineer,140000,45000,Education,810,1,Aggressively paying down the final segment of my advanced computing master's degree.,1,Negative,0.5765293836593628,1,140000,0.3214285714285714,2,0,1,1,1,8,Medium,Personal/Lifestyle
L2230,61,Female,Retired,70000,15000,Personal,795,1,Funding a major upgrade to home entertainment and media systems.,1,Neutral,0.537727415561676,1,70000,0.2142857142857142,1,0,1,1,2,8,Medium,Personal/Lifestyle
L2231,21,Male,Security Guard,35000,8500,Personal,585,0,I have multiple high-interest loans due this week; I need this cash to avoid immediate default. I feel completely desperate.,0,Very Negative,0.7759716510772705,2,35000,0.2428571428571428,1,3,1,0,2,18,High,Personal/Lifestyle
L2232,44,Female,Teacher,89000,24000,Medical,780,1,Covering costs for my spouse's specialized cardiology follow-up care.,1,Neutral,0.5286409258842468,1,89000,0.2696629213483146,1,0,1,1,1,7,Medium,Personal/Lifestyle
L2233,38,Male,Truck Driver,96000,29000,Home,710,3,Need funds for emergency replacement of the main garage foundation.,0,Neutral,0.630743682384491,1,96000,0.3020833333333333,1,1,1,2,0,10,Medium,Basic Needs/Survival
L2234,52,Female,Financial Analyst,180000,54000,Business,838,1,Investment in a diversified portfolio of private tech growth stocks.,1,Neutral,0.535937488079071,1,180000,0.3,1,0,1,1,1,7,Medium,Business/Investment
L2235,28,Male,Photographer,56000,14500,Education,695,1,Purchasing specialized virtual reality video production equipment.,0,Neutral,0.5063132643699646,1,56000,0.2589285714285714,1,2,1,1,1,13,High,Personal/Lifestyle
L2236,55,Female,Manager,128000,32000,Personal,818,1,Funding a major philanthropic initiative supporting local animal shelters.,1,Neutral,0.4963642656803131,1,128000,0.25,1,0,1,1,2,8,Medium,Basic Needs/Survival
L2237,32,Male,Carpenter,74000,21000,Home,725,2,"Replacing old, failing exterior storm doors and windows.",1,Neutral,0.6408164501190186,1,74000,0.2837837837837837,1,1,1,1,0,9,Medium,Basic Needs/Survival
L2238,49,Female,Nurse,109000,30000,Medical,792,1,Financing advanced certification in specialized pediatric oncology.,1,Neutral,0.4467740952968597,1,109000,0.2752293577981651,1,0,1,1,1,7,Medium,Basic Needs/Survival
L2239,24,Male,Fast Food Worker,34000,7000,Personal,585,0,I need this money immediately to cover overdue rent; I face eviction this week. I am truly panicked.,0,Very Negative,0.7024264931678772,2,34000,0.2058823529411764,1,3,1,0,2,18,High,Basic Needs/Survival
L2240,60,Female,Librarian,79000,19000,Education,782,1,Funding a major upgrade to the library's public access computer network.,1,Neutral,0.4951063692569732,1,79000,0.240506329113924,1,0,1,1,1,7,Medium,Personal/Lifestyle
L2241,36,Male,Sales Representative,99000,27000,Business,760,1,Need capital for a significant expansion of the B2B sales territory.,1,Neutral,0.6372534036636353,1,99000,0.2727272727272727,1,0,1,1,1,7,Medium,Business/Investment
L2242,41,Female,Accountant,112000,33000,Home,795,2,Financing a major upgrade to the home's exterior paving and retaining walls.,1,Positive,0.531844437122345,1,112000,0.2946428571428571,0,0,1,1,0,5,Low,Personal/Lifestyle
L2243,29,Male,Bartender,48000,12000,Personal,645,0,"I need this to cover immediate, high-interest credit card payments before the next cycle hits. I feel completely overwhelmed.",0,Negative,0.6837290525436401,2,48000,0.25,2,3,1,0,2,19,High,Personal/Lifestyle
L2244,53,Female,Professor,145000,47000,Education,830,1,Funding a major research project in sustainable urban infrastructure.,1,Neutral,0.497048407793045,1,145000,0.3241379310344827,1,0,1,1,1,7,Medium,Basic Needs/Survival
L2245,47,Male,Pilot,218000,67000,Business,850,1,Acquisition of advanced flight management control systems.,1,Neutral,0.4969116747379303,1,218000,0.3073394495412844,1,0,1,1,1,7,Medium,Basic Needs/Survival
L2246,35,Female,Software Developer,130000,43000,Personal,805,1,Need short-term capital to cover a tax liability while waiting for a large deferred payment.,1,Neutral,0.54289710521698,1,130000,0.3307692307692307,1,0,1,1,2,8,Medium,Business/Investment
L2247,23,Male,Delivery Driver,41000,10500,Medical,635,1,Covering the cost of an urgent specialist consultation for a chronic nerve issue.,0,Neutral,0.5470939874649048,1,41000,0.2560975609756097,1,3,1,1,1,16,High,Personal/Lifestyle
L2248,56,Female,Doctor,250000,90000,Home,875,1,"Financing the installation of a high-end, commercial-grade geothermal HVAC system.",1,Neutral,0.5237392783164978,1,250000,0.36,1,0,1,1,0,6,Medium,Business/Investment
L2249,30,Male,Graphic Designer,78000,24000,Business,740,2,Need to hire specialized marketing experts for a major product relaunch.,1,Neutral,0.5662766098976135,1,78000,0.3076923076923077,1,1,1,1,1,10,Medium,Business/Investment
L2250,62,Female,Retired,74000,15000,Medical,805,1,Covering costs for necessary in-home health monitoring equipment.,1,Neutral,0.5163008570671082,1,74000,0.2027027027027027,1,0,1,1,1,7,Medium,Personal/Lifestyle
L2251,38,Male,Accountant,109000,29000,Education,790,1,Paying for advanced certification in international financial reporting standards.,1,Neutral,0.4906356334686279,1,109000,0.2660550458715596,1,0,1,1,1,7,Medium,Personal/Lifestyle
L2252,26,Female,Retail Associate,48000,13500,Personal,665,0,I am falling behind on minimum credit card payments and need this consolidation loan desperately to avoid default penalties.,0,Negative,0.7437168955802917,2,48000,0.28125,2,2,1,0,2,16,High,Personal/Lifestyle
L2253,49,Male,Engineer,168000,57000,Business,840,1,"Investment in specialized, high-tolerance automation robotics.",1,Neutral,0.5321334600448608,1,168000,0.3392857142857143,1,0,1,1,1,7,Medium,Business/Investment
L2254,54,Female,Manager,128000,34000,Home,808,1,Financing a major upgrade to the home's exterior pool and spa area.,1,Positive,0.508428156375885,1,128000,0.265625,0,0,1,1,0,5,Low,Personal/Lifestyle
L2255,31,Male,Plumber,82000,22000,Personal,725,2,Need funds to cover the cost of emergency sewer line repair.,0,Neutral,0.5920162796974182,1,82000,0.2682926829268293,1,1,1,1,2,11,High,Basic Needs/Survival
L2256,42,Female,Teacher,84000,23000,Education,775,1,Funding specialized training for teachers in advanced computer science applications.,1,Neutral,0.5186604261398315,1,84000,0.2738095238095238,1,0,1,1,1,7,Medium,Personal/Lifestyle
L2257,25,Male,Cashier,38000,9500,Medical,625,0,I need this money immediately to cover an overdue ambulance bill heading to collections. I am genuinely distressed.,0,Very Negative,0.6227304339408875,1,38000,0.25,1,3,1,0,1,15,High,Personal/Lifestyle
L2258,57,Female,Scientist,195000,60000,Business,852,1,"Acquisition of new, high-throughput cellular analysis equipment.",1,Neutral,0.506256639957428,1,195000,0.3076923076923077,1,0,1,1,1,7,Medium,Business/Investment
L2259,33,Male,Truck Driver,86000,27000,Personal,702,3,"Need capital to cover mandatory, unexpected maintenance on commercial trailer suspension.",0,Negative,0.6867345571517944,2,86000,0.313953488372093,2,1,1,2,2,15,High,Basic Needs/Survival
L2260,46,Female,HR Specialist,104000,30000,Home,788,1,Financing a major upgrade to the home's exterior siding and insulation.,1,Positive,0.5020148158073425,1,104000,0.2884615384615384,0,0,1,1,0,5,Low,Personal/Lifestyle
L2261,20,Male,Student,27000,6000,Education,575,0,I need this for my final certification exam fee or I lose my scholarship eligibility. I have no other way to pay.,0,Neutral,0.5438344478607178,1,27000,0.2222222222222222,1,3,1,0,1,15,High,Personal/Lifestyle
L2262,50,Female,Doctor,230000,71000,Medical,865,1,Funding the purchase of a high-resolution 3D imaging system for diagnostics.,1,Neutral,0.4814481735229492,1,230000,0.308695652173913,1,0,1,1,1,7,Medium,Business/Investment
L2263,39,Male,Real Estate Agent,112000,32000,Business,765,1,Capital for aggressive marketing targeting high-net-worth international clients.,1,Neutral,0.6856999397277832,2,112000,0.2857142857142857,1,0,1,1,1,9,Medium,Business/Investment
L2264,64,Female,Retired,80000,18000,Personal,812,1,Covering costs for necessary home accessibility modifications.,1,Neutral,0.5198584198951721,1,80000,0.225,1,0,1,1,2,8,Medium,Personal/Lifestyle
L2265,28,Male,Warehouse Worker,49000,14000,Education,645,1,Paying for specialized certification in automated materials handling.,0,Neutral,0.4865702390670776,1,49000,0.2857142857142857,1,3,1,1,1,16,High,Basic Needs/Survival
L2266,43,Female,Project Manager,130000,36000,Education,802,1,Sponsoring my child's advanced international engineering exchange program.,1,Neutral,0.5073959231376648,1,130000,0.2769230769230769,1,0,1,1,1,7,Medium,Personal/Lifestyle
L2267,51,Male,Mechanic,83000,22000,Business,740,2,Need funds to purchase a specialized diagnostic tool for electric vehicle batteries.,1,Neutral,0.5806115865707397,1,83000,0.2650602409638554,1,1,1,1,1,10,Medium,Basic Needs/Survival
L2268,26,Female,Barista,42000,9800,Personal,625,0,My only means of commuting was stolen; I need this cash immediately to replace it or lose my job. I feel desperate.,0,Very Negative,0.582802414894104,1,42000,0.2333333333333333,1,3,1,0,2,16,High,Personal/Lifestyle
L2269,47,Male,Firefighter,105000,31000,Home,775,2,Financing a major upgrade to the home's security camera and perimeter monitoring.,1,Positive,0.4920117557048797,1,105000,0.2952380952380952,0,0,1,1,0,5,Low,Personal/Lifestyle
L2270,32,Female,Social Worker,68000,23000,Education,730,1,Funding specialized training in complex family mediation techniques.,1,Neutral,0.522700309753418,1,68000,0.3382352941176471,1,1,1,1,1,10,Medium,Basic Needs/Survival
L2271,61,Male,Consultant,165000,34000,Personal,822,1,"Investment in a high-yield, short-term corporate bond fund.",1,Neutral,0.5991154909133911,1,165000,0.206060606060606,1,0,1,1,2,8,Medium,Business/Investment
L2272,37,Female,Chef,78000,25000,Business,765,2,Need funds to purchase specialized commercial refrigeration units for event catering.,1,Neutral,0.578301727771759,1,78000,0.3205128205128205,1,0,1,1,1,7,Medium,Business/Investment
L2273,50,Male,Accountant,116000,34000,Home,800,2,Refinancing existing mortgage to lock in better long-term fixed rates.,1,Neutral,0.5205608606338501,1,116000,0.293103448275862,1,0,1,1,0,6,Medium,Business/Investment
L2274,25,Female,Receptionist,45000,12000,Personal,652,1,Helping my sibling cover emergency medical transport fees to keep their job.,0,Positive,0.5115790367126465,1,45000,0.2666666666666666,0,2,1,1,2,13,High,Personal/Lifestyle
L2275,55,Male,Engineer,185000,72000,Education,858,1,Sponsoring my child's entire final year of materials science studies.,1,Neutral,0.5297595858573914,1,185000,0.3891891891891892,1,0,1,1,1,7,Medium,Personal/Lifestyle
L2276,30,Female,Sales Clerk,49000,14000,Medical,650,0,I need this money urgently for a necessary surgical procedure I've been putting off; I am in pain and worried.,0,Negative,0.8714170455932617,2,49000,0.2857142857142857,2,2,1,0,1,15,High,Personal/Lifestyle
L2277,41,Male,Pilot,182000,54000,Business,840,1,Acquisition of next-generation flight path optimization software.,1,Neutral,0.5238673686981201,1,182000,0.2967032967032967,1,0,1,1,1,7,Medium,Basic Needs/Survival
L2278,68,Female,Retired,73000,15000,Personal,805,1,Covering costs for necessary home maintenance and updates.,1,Neutral,0.5123710036277771,1,73000,0.2054794520547945,1,0,1,1,2,8,Medium,Personal/Lifestyle
L2279,22,Male,Tutor,39000,7500,Education,620,1,Purchasing specialized interactive whiteboards for advanced tutoring subjects.,0,Neutral,0.469637930393219,1,39000,0.1923076923076923,1,3,0,1,1,14,High,Personal/Lifestyle
